time,Drone_x,Drone_y,Drone_z,Drone_lat,Drone_lon,Drone_alt,Drone_vx,Drone_vy,Drone_vz,F18_x,F18_y,F18_z,F18_lat,F18_lon,F18_alt,F18_vx,F18_vy,F18_vz
0.0,6379637.0,-2000.0,3000.0,0.027124658796290176,-0.01796208080054089,1501.023619373329,0.0,0.0,0.0,6379337.0,-2000.0,0.0,0.0,-0.017962925500215332,1200.313512195833,12.437774838512595,82.91849892341732,124.37774838512595
0.06997319759534729,6379637.0,-1997.2010720961862,3000.0,0.02712465880004341,-0.017936943517602843,1501.0227425312623,0.0,40.0,0.0,6379337.873923368,-1994.1957993644955,8.7063091689058,7.872227712738796e-05,-0.01791079283816459,1201.185624456033,12.541038945453835,82.97927320139546,124.46914492017298
0.15000000000000002,6379637.0,-1994.0,3000.0,0.02712465880432947,-0.01790819456165404,1501.021741210483,0.0,40.0,0.0,6379338.882174369,-1987.552488655739,18.671304804489736,0.00016882554584692254,-0.017851123381166265,1202.1918236790225,12.655360411181537,83.04744832771938,124.57167569997506
0.2,6379637.0,-1992.0,3000.0,0.02712465880700387,-0.01789023248201805,1501.0211164094508,0.0,40.0,0.0,6379339.516692741,-1983.3990645890453,24.90147024917778,0.00022515854843087362,-0.017813817799179295,1202.8250707481056,12.725379368217896,83.08948904720853,124.63490429149766
0.25,6379637.0,-1990.0,3000.0,0.02712465880967558,-0.01787227040237854,1501.02049223613,0.0,40.0,0.0,6379340.154621206,-1979.2435652679294,31.134756900615915,0.0002815197614842222,-0.017776493576286013,1203.4617361119017,12.791763714288736,83.13045995242018,124.69652613439074
0.3,6379637.0,-1988.0,3000.0,0.027124658812344615,-0.017854308322735518,1501.0198686905205,0.0,40.0,0.0,6379340.795869559,-1975.086020977594,37.37111930051901,0.0003379087738793807,-0.01773915098480796,1204.1017295857891,12.858174847093334,83.17128783017665,124.75793425139976
0.35000000000000003,6379637.0,-1986.0,3000.0,0.027124658815010954,-0.017836346243088982,1501.0192457716912,0.0,40.0,0.0,6379341.4403521335,-1970.9264612229658,43.61051316254622,0.00039432518508845775,-0.017701790290043894,1204.7449655290693,12.921132190724892,83.21107988360218,124.81778665163216
0.4,6379637.0,-1984.0,3000.0,0.027124658817674622,-0.017818384163438946,1501.0186234787107,0.0,40.0,0.0,6379342.087983185,-1966.7649152357099,49.85289460886534,0.00045076859828041993,-0.017664411754836445,1205.3913582153618,12.984113941446084,83.25073714845564,124.87743764283907
0.45,6379637.0,-1982.0,3000.0,0.027124658820335597,-0.01780042208378541,1501.0180018134415,0.0,40.0,0.0,6379342.738681292,-1962.601411499105,56.09822088567555,0.0005072386267904846,-0.017627015635292648,1206.0408262442797,13.043814023426231,83.28939113462036,124.93558178030075
0.5,6379637.0,-1980.0,3000.0,0.027124658822993895,-0.017782460004128368,1501.0173807749525,0.0,40.0,0.0,6379343.392364958,-1958.4359782397478,62.34644962288616,0.0005637348874263531,-0.017589602185212386,1206.6932881437242,13.103536335796717,83.32791807078338,124.99353607719695
0.55,6379637.0,-1978.0,3000.0,0.027124658825649507,-0.017764497924467833,1501.0167603632435,0.0,40.0,0.0,6379344.048956802,-1954.2686429658631,68.59753952934135,0.0006202570067540119,-0.01755217165193025,1207.3486665477976,13.160140797281956,83.36547291587081,125.05003034407555
0.6,6379637.0,-1976.0,3000.0,0.027124658828302433,-0.017746535844803808,1501.016140579246,0.0,40.0,0.0,6379344.708379376,-1950.0994329444663,74.8514496744523,0.0006768046146025325,-0.017514724280612726,1208.006884031929,13.216765498030881,83.40290798262224,125.10634564045989
0.65,6379637.0,-1974.0,3000.0,0.02712465883095267,-0.017728573765136292,1501.0155214220285,0.0,40.0,0.0,6379345.370559143,-1945.9283747524853,81.1081401640693,0.0007333773501748337,-0.01747726031021572,1208.6678670784459,13.270428245408365,83.43940086757135,125.16124581088646
0.7,6379637.0,-1972.0,3000.0,0.027124658833600233,-0.017710611685465293,1501.0149028915912,0.0,40.0,0.0,6379346.035422508,-1941.7554947400865,87.36757144299918,0.0007899748557413848,-0.017439779977656875,1209.331542111002,13.324109410661222,83.47578080987543,125.2159772287987
0.75,6379637.0,-1970.0,3000.0,0.027124658836245107,-0.01769264960579081,1501.014284987934,0.0,40.0,0.0,6379346.702899598,-1937.5808185940332,93.62970495239558,0.0008465967825838087,-0.017402283513883565,1209.9978392766789,13.374976965989193,83.51124727497745,125.26933661574472
0.7999999999999999,6379637.0,-1968.0,3000.0,0.027124658838887303,-0.017674687526112853,1501.013667711988,0.0,40.0,0.0,6379347.372920484,-1933.4043717878267,99.89450245217813,0.0009032427848685899,-0.017364771147926228,1210.6666886648163,13.425861273102408,83.5466072258037,125.32253685895206
0.85,6379637.0,-1966.0,3000.0,0.02712465884152681,-0.01765672544643142,1501.0130510628223,0.0,40.0,0.0,6379348.04541878,-1929.2261791567685,106.16192666074443,0.0009599125254307886,-0.01732724310307201,1211.338023904711,13.474073110462383,83.58108126751775,125.37440645945655
0.8999999999999999,6379637.0,-1964.0,3000.0,0.027124658844163634,-0.017638763366746517,1501.0124350404367,0.0,40.0,0.0,6379348.720328049,-1925.0462653355191,112.43194059638364,0.0010166056698195423,-0.017289699600804526,1212.0117785809562,13.522300175640252,83.6154548425636,125.42612595554566
0.95,6379637.0,-1962.0,3000.0,0.027124658846797777,-0.017620801287058147,1501.0118196438998,0.0,40.0,0.0,6379349.397585222,-1920.8646543443722,118.70450820005325,0.0010733218919286177,-0.017252140857078782,1212.6878896411508,13.567989043655377,83.64896900321156,125.47655458526248
0.9999999999999999,6379637.0,-1960.0,3000.0,0.027124658849429235,-0.017602839207366314,1501.0112048750743,0.0,40.0,0.0,6379350.077127184,-1916.6813700147845,124.97959369494873,0.0011300608682061177,-0.017214567086152304,1213.3662939872593,13.613691745616627,83.68238838867254,125.52684161730416
1.05,6379637.0,-1958.0,3000.0,0.027124658852058003,-0.01758487712767102,1501.0105907348916,0.0,40.0,0.0,6379350.758894024,-1912.4964355864086,131.2571621930327,0.001186822283138095,-0.017176978496957214,1214.0469317249954,13.656983976725156,83.71497383959962,125.57587603524891,6379352.199522442,-1903.6776739276704,144.67681353952432,0.0013081619648209317,-0.01709776943180269,1215.485214540735,24.547468015906937,149.1900356924008,231.43554407087896
1.0999999999999999,6379637.0,-1956.0,3000.0,0.02712465885468409,-0.01756691504797227,1501.0099772205576,0.0,40.0,0.0,6379351.4428257905,-1908.3098741211077,137.53717907198532,0.0012436058236154493,-0.01713937529682747,1214.7297429218888,13.7002887670196,83.74746987355871,125.62477686389231,6379353.430561347,-1896.2383006016214,156.40926539482294,0.0014142460512154855,-0.017030949853822905,1216.714316460304,24.693625170855263,148.38116869819612,237.8546561497633
1.1500000000000001,6379637.0,-1954.0,3000.0,0.0271246588573075,-0.017548952968270068,1501.0093643330038,0.0,40.0,0.0,6379352.128865577,-1904.1217081103239,143.81961056612383,0.001300411184276373,-0.017101757687964174,1215.4146706843749,13.741304573774118,83.77915649230896,125.67246188821251,6379354.668838869,-1888.8399432394076,168.46148434842084,0.001523221414908679,-0.016964498664647165,1217.950708033517,24.8370201855369,147.54942853583734,244.226086678684
1.2,6379637.0,-1952.0,3000.0,0.027124658859928222,-0.017530990888564413,1501.00875207223,0.0,40.0,0.0,6379352.816956439,-1899.931959878056,150.10442316001465,0.0013572380620239357,-0.017064125871063263,1216.101658088155,13.78233177403026,83.81075874028151,125.72002086501324,6379355.914218103,-1881.4837407229218,180.83106532739077,0.0016350663073070812,-0.01689842609344516,1219.1942543042824,24.977701595565225,146.69500824031698,250.54900065683105
1.2500000000000002,6379637.0,-1950.0,3000.0,0.02712465886254626,-0.017513028808855316,1501.0081404391676,0.0,40.0,0.0,6379353.507044328,-1895.7406511981692,156.3915841643764,0.001414086161232727,-0.017026480041870542,1216.790651096031,13.821185532905,83.84157518227936,125.76639948051825,6379357.166564634,-1874.170821996154,193.51556223660438,0.0017497586089028124,-0.016832742280107223,1220.4448228282854,25.115720328631838,145.8181121363634,256.8225923073036
1.3,6379637.0,-1948.0,3000.0,0.027124658865161615,-0.01749506672914277,1501.007529431954,0.0,40.0,0.0,6379354.199075164,-1891.547803686776,162.68106112568645,0.0014709551884110896,-0.01698882039471373,1217.4815956475213,13.860049619500115,83.87231200739254,125.81265915321885,6379358.42574665,-1866.902305523868,206.51248943559847,0.0018672758426282563,-0.01676745727038238,1221.7022837782279,25.251129644976192,144.91895491841152,263.0460856870748
1.3500000000000003,6379637.0,-1946.0,3000.0,0.027124658867774286,-0.017477104649426794,1501.0069190524518,0.0,40.0,0.0,6379354.892997619,-1887.353438429126,168.97282238761915,0.001527844857276954,-0.016951147119143976,1218.1744404276833,13.896850142549859,83.90228577258496,125.85777261135087,6379359.69163506,-1859.6792987953286,219.81932324346624,0.0019875951874641193,-0.01670258101142096,1222.9665100714192,25.383985080254313,143.9977607681988,269.21873519915334
1.4000000000000001,6379637.0,-1944.0,3000.0,0.02712465887038427,-0.01745914256970738,1501.006309300661,0.0,40.0,0.0,6379355.588760334,-1883.1575763617998,175.26683651602647,0.0015847548835591079,-0.016913460403375984,1218.869134094566,13.933660019054265,83.93218440083537,125.90277382177867,6379360.964103603,-1852.502897871256,233.43350346705023,0.002110693492258133,-0.016638123347705574,1224.2373774703592,25.514344390815126,143.0547625077273,275.33982601357883
1.4500000000000004,6379637.0,-1942.0,3000.0,0.027124658872991574,-0.017441180489984533,1501.005700174719,0.0,40.0,0.0,6379356.286314569,-1878.9602379088376,181.5630728464263,0.0016416849899468786,-0.01687576043101291,1219.5656279204413,13.968510813882038,83.96134189570341,125.9466617336382,6379362.243028964,-1845.374186972292,247.3524349480337,0.0022365472897145876,-0.01657409401735483,1225.5147646926343,25.642267501434027,142.09020078544162,281.4086744032892
1.5000000000000002,6379637.0,-1940.0,3000.0,0.02712465887559619,-0.017423218410258255,1501.0050916764885,0.0,40.0,0.0,6379356.985611556,-1874.7614433541276,187.861500923779,0.0016986349010252077,-0.016838047384398012,1220.2638731542975,14.003370071742134,83.9904284766918,125.99044370881897,6379363.528290872,-1838.2942381073708,261.57348912481206,0.0023651328105174533,-0.01651050264878559,1226.798553518951,25.767816455517515,141.10432329359247,287.4246280003689
1.5500000000000005,6379637.0,-1938.0,3000.0,0.027124658878198125,-0.017405256330528553,1501.0044838059694,0.0,40.0,0.0,6379357.686605016,-1870.561212486458,194.16209103650678,0.0017556043481025347,-0.016800321441420074,1220.9638235298917,14.036369590228452,84.0187950720042,126.03314413180364,6379364.819772217,-1831.2641107404818,276.0940056052932,0.002496425997552261,-0.016447358757719965,1228.0886288974434,25.891055367804707,140.09738401488045,293.3870659777259
1.6000000000000003,6379637.0,-1936.0,3000.0,0.02712465888079738,-0.017387294250795434,1501.003876561299,0.0,40.0,0.0,6379358.389248643,-1866.3595649624572,200.46481367052687,0.001812593064274798,-0.0167625827787798,1221.6654327558354,14.069376758147923,84.0470947355109,126.07574456883613,6379366.117359143,-1824.2848514944048,290.91129374701376,0.0026304025201940914,-0.01638467174452443,1229.3848790423945,26.012050379592417,139.0696424965999,299.29539916083496
1.6500000000000006,6379637.0,-1934.0,3000.0,0.027124658883393948,-0.017369332171058894,1501.0032699434087,0.0,40.0,0.0,6379359.093498499,-1862.1565199602676,206.76964003025265,0.0018696007891355962,-0.016724831568873066,1222.368656908162,14.100618634225722,84.07469482016823,126.11729408741525,6379367.420941146,-1817.3574938900845,306.0226342411852,0.0027670377886310333,-0.016322450891869088,1230.68719552923,26.13086961651415,138.02136315062603,305.1490700738354
1.7000000000000004,6379637.0,-1932.0,3000.0,0.027124658885987828,-0.017351370091318943,1501.0026639532298,0.0,40.0,0.0,6379359.799310622,-1857.9520965333725,213.0765415063788,0.0019266272639645503,-0.016687067982975087,1223.0734520368278,14.131867416534952,84.10223172890935,126.15874923261697,6379368.730411185,-1810.483058120395,321.4252806974859,0.002906306968194333,-0.016260705362695728,1231.995473398827,26.247583148915567,136.95281457770278,310.94755292395115
1.7500000000000007,6379637.0,-1930.0,3000.0,0.02712465888857903,-0.01733340801157558,1501.0020585888997,0.0,40.0,0.0,6379360.506643298,-1853.746313272616,219.38549018428694,0.0019836722363235663,-0.016649292188198942,1223.7797764446586,14.161440693564359,84.12908876018312,126.19918303369815,6379370.045665764,-1803.6625508571099,337.11646122661136,0.0030481849936682213,-0.01619944419848422,1233.3096112469211,26.362262954856142,135.8642689146022,316.690353527937
1.8000000000000005,6379637.0,-1928.0,3000.0,0.027124658891167545,-0.017315445931828807,1501.001453852281,0.0,40.0,0.0,6379361.215454794,-1849.5391886512273,225.6964583251101,0.002040735455365281,-0.016611504350600388,1224.4875884102657,14.191020198137599,84.15588615904447,126.23952775646718,6379371.366605036,-1796.8969650899696,353.09338001776763,0.003192646583553958,-0.016138676317807132,1234.6295113200322,26.47498288580628,134.7560012028227,322.3770091840001
1.8500000000000008,6379637.0,-1926.0,3000.0,0.027124658893753376,-0.017297483852078632,1501.0008497433737,0.0,40.0,0.0,6379361.925705514,-1845.3307406949218,232.0094188619409,0.0020978166763190344,-0.01657370463220925,1225.1968483487144,14.219009546100507,84.18202270950478,126.27887969979606,6379372.693132893,-1790.1872799968048,369.35321890846825,0.003339666254264227,-0.016078410515163358,1235.9550796095282,26.58581863507034,133.62828877759026,328.0070884924485
1.9000000000000006,6379637.0,-1924.0,3000.0,0.02712465889633653,-0.01727952177232506,1501.0002462603152,0.0,40.0,0.0,6379362.637355842,-1841.1209873184168,238.32434489373128,0.002154915655915376,-0.0165358931940575,1225.9075166573748,14.247004502045526,84.20810297154046,126.31814756161988,6379374.025157056,-1783.5344608437247,385.89313894414335,0.003489218334225364,-0.0160186554600817,1237.2862259326503,26.694847709032516,132.48141067600625,333.58019112811286
1.9500000000000008,6379637.0,-1922.0,3000.0,0.027124658898916992,-0.01726155969256809,1500.999643404968,0.0,40.0,0.0,6379363.350368195,-1836.9099460033697,244.64121016967798,0.0022120321567651344,-0.016498070193281363,1226.6195557676256,14.273490425163006,84.23354077292181,126.35645024558657,6379375.362589166,-1776.9394589144401,402.7102819252265,0.00364127697786629,-0.0159594196964862,1238.6228640293702,26.802149401279074,131.31564706326083,339.0959475674299
2.0000000000000004,6379637.0,-1920.0,3000.0,0.02712465890149477,-0.017243597612807724,1500.999041176401,0.0,40.0,0.0,6379364.0647049695,-1832.6976341266575,250.9599885955401,0.0022691659428962117,-0.016460235786075087,1227.332928086631,14.299981390890657,84.25892544236028,126.39467356456149,6379376.705344873,-1770.4032114678482,419.8017719395181,0.0037958161794742666,-0.01590071164231528,1239.9649116480723,26.90780476968946,130.13127867589625,344.5540187729195
2.05,6379637.0,-1918.0,3000.0,0.02712465890406987,-0.017225635533043973,1500.9984395746142,0.0,40.0,0.0,6379364.780330497,-1828.4840686459183,257.28065470655577,0.0023263167840289535,-0.016422390124861647,1228.047597960569,14.325040425859848,84.28368542661211,126.43195838778382,6379378.053343925,-1763.9266417230474,437.1647168777623,0.0039528097868988124,-0.01584253958938722,1241.3122906312346,27.011896616579573,128.92858628115945,349.95409583765286
2.0999999999999988,6379637.0,-1916.0,3000.0,0.02712465890664228,-0.017207673453276832,1500.99783860147,0.0,40.0,0.0,6379365.497209088,-1824.2692664198587,263.60318318578487,0.002383484451221678,-0.016384533361174593,1228.7635297067463,14.350103987734073,84.30839525911117,126.46916829900745,6379379.406510251,-1757.5106588710005,454.79620993049974,0.004112231515086251,-0.015784911703505072,1242.6649269992486,27.114509472012024,127.70785015153105,355.29589959217867
2.1499999999999977,6379637.0,-1914.0,3000.0,0.027124658909212014,-0.017189711373506313,1500.997238252312,0.0,40.0,0.0,6379366.215306893,-1820.0532439011747,269.92754932589105,0.0024406687210453645,-0.01634666564289534,1229.4806894911453,14.373808892999755,84.33249759684854,126.5054655180143,6379380.76477205,-1751.1561581121114,472.69333106437466,0.004274054959428434,-0.015727836024794214,1244.0227510370314,27.21572958037168,126.46934955355829,360.57918017626616
2.1999999999999966,6379637.0,-1912.0000000000002,3000.0,0.027124658911779058,-0.017171749293732413,1500.9966385317966,0.0,40.0,0.0,6379366.934590044,-1815.8360174491304,276.2537285591384,0.002497869371334564,-0.01630878711706532,1230.1990434583277,14.397517854986727,84.35655259720903,126.54169203016573,6379382.1280618785,-1744.864020719018,490.8531484762017,0.004438253608910312,-0.015671320468266442,1245.3856973834336,27.31564489032613,125.21336225015055,365.8037165777135
2.2499999999999956,6379637.0,-1910.0000000000002,3000.0,0.02712465891434342,-0.01715378721395514,1500.9960394380614,0.0,40.0,0.0,6379367.655026419,-1811.617603029651,282.58169690835547,0.002555086185264274,-0.016270897927187927,1230.918559493497,14.419937791425106,84.38001673376112,126.5770308134765,6379383.496316729,-1738.635114123957,509.2727200231856,0.004604800859041824,-0.015615372824604741,1246.7537051038817,27.414345048304092,123.94016401552173,370.96931614036663
2.2999999999999945,6379637.0,-1908.0000000000002,3000.0,0.027124658916905096,-0.017135825134174488,1500.9954409720376,0.0,40.0,0.0,6379368.376583882,-1807.3980165204052,288.9114305282367,0.00261231894720306,-0.01623299821597309,1231.6392054753378,14.442361356122316,84.40343619129257,126.61230286187373,6379384.869478123,-1732.470292030072,527.9490946278296,0.004773670024560848,-0.015560000761163113,1248.1267177863047,27.511921395639206,122.65002816198003,376.0758140434067
2.3499999999999934,6379637.0,-1906.0000000000002,3000.0,0.027124658919464095,-0.017117863054390475,1500.994843132794,0.0,40.0,0.0,6379369.099231953,-1803.1772734178721,295.2429061457883,0.00266956744669484,-0.016195088122702105,1232.3609509319067,14.463562059615445,84.42628088052398,126.64671134073677,6379386.247492186,-1726.3703945461132,546.87931365611,0.004944834351894405,-0.01550521182317649,1249.5046836109832,27.608466969510832,121.3432250777809,381.1230727538621
2.3999999999999924,6379637.0,-1904.0000000000002,3000.0,0.027124658922020404,-0.017099900974603094,1500.9942459203303,0.0,40.0,0.0,6379369.822940141,-1798.9553891351454,301.5761006126014,0.0027268314744112046,-0.016157167785906604,1233.0837653856725,14.484766001141995,84.44908340223223,126.6810568371269,6379387.630309742,-1720.3362483439744,566.0604122676741,0.005118267031366798,-0.015451013435175725,1250.8875554520637,27.704076507862,120.02002177525885,386.1109814542307
2.4499999999999913,6379637.0,-1902.0000000000005,3000.0,0.02712465892457403,-0.017081938894812354,1500.9936493346468,0.0,40.0,0.0,6379370.547679529,-1794.732378715785,307.91099133506765,0.0027841108260407044,-0.016119237340794516,1233.8076199283823,14.504809947041576,84.47132673832118,126.7145621531929,6379389.017886396,-1714.3686668385922,585.4894207367994,0.005293941209143354,-0.01539741290260347,1252.2752909483388,27.79884645844949,118.68068144846076,391.0394554469882
2.4999999999999902,6379637.0,-1900.0000000000005,3000.0,0.027124658927124977,-0.017063976815018256,1500.9930533757433,0.0,40.0,0.0,6379371.273421186,-1790.5082571245525,314.24755583730746,0.0028414052983375144,-0.016081296921865353,1234.5324856406078,14.524856775791019,84.49353028009908,126.74800803254612,6379390.410182613,-1708.4684503897329,605.163365743078,0.00547182999890035,-0.015344417413626622,1253.6678525889292,27.89287499222948,117.32546303948791,395.9084355377055
2.549999999999989,6379637.0,-1898.0000000000005,3000.0,0.027124658929673234,-0.017046014735220803,1500.9924580445513,0.0,40.0,0.0,6379372.000137677,-1786.2830389678666,320.58577218142943,0.0028987146929207027,-0.016043346660395703,1235.258335097693,14.543803335995399,84.51518972740463,126.78063638267447,6379391.807163813,-1702.6363865252717,625.0792716307071,0.0056519064932110145,-0.015292034041141772,1255.0652078045532,27.98626202127308,115.95462081275403,400.71788739837444
2.599999999999988,6379637.0,-1896.0000000000005,3000.0,0.02712465893221881,-0.01702805265542,1500.9918633401394,0.0,40.0,0.0,6379372.727801561,-1782.0567387776691,326.92561854081276,0.002956038812416511,-0.016005386686992553,1235.9851408675313,14.562752455977346,84.53681162335326,126.81320864717347,6379393.208800457,-1696.873250185566,645.2341616355394,0.005834143774639965,-0.01524026974497011,1256.4673290550709,28.079109221416548,114.56840393633773,405.46780091251463
2.649999999999987,6379637.0,-1894.0000000000005,3000.0,0.0271246589347617,-0.01701009057561585,1500.9912692625076,0.0,40.0,0.0,6379373.456386815,-1777.8293707383107,333.26707361067133,0.0030133774641699696,-0.01596741712913678,1236.7128769354895,14.580658048702473,84.55790404452314,126.84498532559925,6379394.615068133,-1691.1798039886153,665.6250590788999,0.006018514926537098,-0.01518913137423906,1257.874193909578,28.171520059879892,113.16705606959971,410.15818950348324
2.699999999999986,6379637.0,-1892.0000000000005,3000.0,0.027124658937301906,-0.016992128495808355,1500.9906758116558,0.0,40.0,0.0,6379374.185867404,-1773.6009489637372,339.6101161914045,0.003070730456478208,-0.01592943811367628,1237.4415172794834,14.598565907555875,84.5789610345524,126.87670908604731,6379396.025947646,-1685.5567985156847,686.2489885274994,0.006204993043524855,-0.015138625669947614,1259.285785141401,28.263599828109935,111.75081495619189,414.7890894473976
2.749999999999985,6379637.0,-1890.0000000000007,3000.0,0.027124658939839435,-0.016974166415997523,1500.9900829875842,0.0,40.0,0.0,6379374.916218646,-1769.3714872306414,345.95472558971574,0.0031280976022166752,-0.015891449764425917,1238.171037225984,14.615484140164371,84.59950271699651,126.90765852409646,6379397.441425116,-1680.0049726171833,707.1029769185556,0.006393551241670852,-0.015088759267713657,1260.702090824023,28.355455680100633,110.31991202157388,419.36055917192544
2.799999999999984,6379637.0,-1888.0000000000007,3000.0,0.027124658942374275,-0.01695620433618335,1500.989490791224,0.0,40.0,0.0,6379375.647415851,-1765.1409992491492,352.3008812117583,0.0031854787151610058,-0.01585345220460206,1238.9014120958745,14.63240437220856,84.62001097282727,126.93855803892707,6379398.861492065,-1674.5250537385468,728.1840546496144,0.006584162668341259,-0.015039538700700893,1262.1231044121087,28.4471966764839,108.87457197409144,423.8726785421824
2.8499999999999828,6379637.0,-1886.0000000000007,3000.0,0.02712465894490643,-0.016938242256365848,1500.9888992216438,0.0,40.0,0.0,6379376.379435608,-1760.9094984020792,358.64856295504853,0.0032428736135300205,-0.0158154455544776,1239.632618483156,14.648386177326834,84.64001765367819,126.96870384246147,6379400.2861455185,-1669.1177582660284,749.4892566322703,0.0067768005117277205,-0.014990970402724586,1263.5488248504698,28.538933834690418,107.41501240865578,428.3255481348171
2.8999999999999817,6379637.0,-1884.0000000000007,3000.0,0.027124658947435903,-0.016920280176545014,1500.988308279775,0.0,40.0,0.0,6379377.112254499,-1756.6769980093025,364.9977508111442,0.0033002821163937773,-0.015777429933759468,1240.3646329846233,14.66436973988201,84.65999280336413,126.99880255452724,6379401.7153881015,-1663.7837918922294,771.0156233094227,0.006971438010044484,-0.014943060711534582,1264.9792566634715,28.63078018552229,105.94144341198519,432.71928850134685
2.9499999999999806,6379637.0,-1882.0000000000007,3000.0,0.02712465894996269,-0.016902318096720857,1500.9877179637551,0.0,40.0,0.0,6379377.845850324,-1752.4435110729564,371.34842524858306,0.0033577040471354275,-0.015739405459297306,1241.097433402203,14.679463505317857,84.67947969302023,127.02816753926338,6379403.1492281435,-1658.5238500013827,792.7602016353358,0.007168048460389165,-0.014895815872275694,1266.4144100630656,28.722850836484422,104.4540671683478,437.0540394216364
2.9999999999999796,6379637.0,-1880.000000000001,3000.0,0.027124658952486797,-0.016884356016893375,1500.9871282754466,0.0,40.0,0.0,6379378.580200876,-1748.2090505356452,377.7005668248435,0.0034151392299431975,-0.015701372247405494,1241.8309975434095,14.694558808809116,84.69893684408241,127.0574881105435,6379404.587679782,-1653.338618074332,814.7200460182653,0.007366605227264972,-0.014849242041125008,1267.85430104658,28.815263042269887,102.95307756465236,441.32995914840546
3.0499999999999785,6379637.0,-1878.000000000001,3000.0,0.027124658955008218,-0.016866393937062574,1500.9865392129868,0.0,40.0,0.0,6379379.315285103,-1743.9736290314622,384.0541565605297,0.0034725874931931027,-0.01566333041162414,1242.565304365009,14.708810501253124,84.71791864844795,127.08609433541609,6379406.030763073,-1648.2287721133237,836.8922192249722,0.007567081750758252,-0.01480334528910708,1269.2989515149966,28.908136282802683,101.43865979369968,445.5472236434531
3.0999999999999774,6379637.0,-1876.000000000001,3000.0,0.027124658957526956,-0.01684843185722846,1500.9859507782385,0.0,40.0,0.0,6379380.051081949,-1739.737259138187,390.40917556037414,0.003530048666022678,-0.015625280064987045,1243.3003328163177,14.723063533082763,84.73687240973456,127.11465867981092,6379407.478504104,-1643.194979086682,859.2737932469933,0.007769451554370205,-0.01475813160608773,1270.748389375396,29.001592349319022,99.91098995429867,449.70602580628434
3.1499999999999764,6379637.0,-1874.000000000001,3000.0,0.02712465896004301,-0.01683046977739103,1500.9853629712015,0.0,40.0,0.0,6379380.7875714535,-1735.4999531339777,396.7656053788826,0.003587522581636483,-0.015587221317833758,1244.036062946543,14.736516816067128,84.75536335123665,127.14252747850185,6379408.930935111,-1638.2378973936156,881.8618501280133,0.007973688252496784,-0.014713606904948566,1272.2026486666873,29.095755438948274,98.37023464690768,453.80657469561925
3.1999999999999753,6379637.0,-1872.000000000001,3000.0,0.02712465896255638,-0.016812507697550296,1500.9847757900134,0.0,40.0,0.0,6379381.5247336505,-1731.2617232437178,403.1234276501483,0.0036450090739594977,-0.015549154280024836,1244.7724747983739,14.749971258730179,84.77382785358536,127.17035679283137,6379410.388094603,-1633.3581773493502,904.6534827523053,0.00817976555755655,-0.014669777025944129,1273.6617696797475,29.190752258349974,96.81655056332943,457.8490947442516
3.2499999999999742,6379637.0,-1870.000000000001,3000.0,0.027124658965067067,-0.016794545617706255,1500.9841892365366,0.0,40.0,0.0,6379382.262549618,-1727.0225814012413,409.4826244451615,0.003702507980867274,-0.01551107905880375,1245.5095494575799,14.762667605043696,84.7918416910548,127.19750880359352,6379411.8500274895,-1628.5564616909937,927.6457955935832,0.008387657286760485,-0.014626647741245127,1275.125799083151,29.286712136977133,95.25008406893318,461.83382496749897
3.299999999999973,6379637.0,-1868.0000000000011,3000.0,0.027124658967575068,-0.016776583537858915,1500.98360330984,0.0,40.0,0.0,6379383.001000428,-1722.782539489976,415.84317791021357,0.0037600191409169854,-0.015472995760960775,1246.2472680034116,14.77536494868666,84.80983060684298,127.2246235969265,6379413.3167852145,-1623.8333861044732,950.8359054242993,0.008597337368524105,-0.014584224759670961,1276.5947900572792,29.38376715060406,93.67097077572042,465.76101816547913
3.349999999999972,6379637.0,-1866.0000000000011,3000.0,0.02712465897008039,-0.01675862145800828,1500.9830180099234,0.0,40.0,0.0,6379383.740068142,-1718.54160911057,422.2050706160702,0.0038175423965040246,-0.015434904490743525,1246.985612506047,14.787343747401254,84.82738065434047,127.25107879082555,6379414.788425895,-1619.1895797731252,974.2209419847144,0.008808779848515762,-0.01454251373161668,1278.0688024330884,29.482052255813084,92.07933510447857,469.6309401191884
3.399999999999971,6379637.0,-1864.0000000000011,3000.0,0.02712465897258302,-0.016740659378154346,1500.9824333386496,0.0,40.0,0.0,6379384.479734818,-1714.299801815975,428.5682852047512,0.003875077590668779,-0.015396805351970782,1247.7245650328696,14.799323396980514,84.84490721600272,127.2774989122598,6379416.265014475,-1614.6256659484493,997.7980486118123,0.009021958895341787,-0.014501520254178965,1279.5479028485715,29.581705436185835,90.47528983408051,473.4438687803508
3.44999999999997,6379637.0,-1862.0000000000011,3000.0,0.027124658975082976,-0.01672269729829712,1500.9818492913619,0.0,40.0,0.0,6379385.219983451,-1710.0571288843455,434.932804730759,0.003932624570181403,-0.01535869844599054,1248.464108582586,14.810622055502293,84.86200636065202,127.30327661992614,6379417.746622874,-1610.142262543803,1021.5643828273382,0.009236848805861989,-0.014461249876488115,1281.0321648968384,29.68286786102761,88.85893563589462,477.2000934547237
3.499999999999969,6379637.0,-1860.0000000000014,3000.0,0.027124658977580242,-0.016704735218436614,1500.981265872717,0.0,40.0,0.0,6379385.960797036,-1705.8136015486973,441.2986123160282,0.00399018318242245,-0.01532058387374493,1249.2042261594906,14.821921432956161,84.87908337822513,127.32902128490937,6379419.233330154,-1605.7399827517536,1045.5171168850497,0.009453424010136251,-0.0144217081052525,1282.521669279784,29.785684057543016,87.23036059104722,480.89991397851384
3.549999999999968,6379637.0,-1858.0000000000014,3000.0,0.027124658980074826,-0.01668677313857282,1500.980683080852,0.0,40.0,0.0,6379386.702159456,-1701.5692307749598,447.6656914833957,0.004047753278397511,-0.015282461733774691,1249.944901655428,14.832575474168802,84.89574409712688,127.35414022191071,6379420.725222689,-1601.4194356860855,1069.6534382763734,0.009671659075994985,-0.014382900410524391,1284.016504002735,29.89030209742894,85.58963968815733,484.5436398872561
3.599999999999967,6379637.0,-1856.0000000000014,3000.0,0.027124658982566722,-0.016668811058705744,1500.9801009166986,0.0,40.0,0.0,6379387.444054592,-1697.3240274863394,454.0340258195198,0.004105334709689895,-0.015244332124236443,1250.686118955724,14.843230115671965,84.91238397489462,127.37922803721047,6379422.222394355,-1597.1812270494252,1093.9705501945427,0.00989152871323408,-0.014344832231695845,1285.5167645355687,29.996873798989437,83.93683429889957,488.1315895764569
3.6499999999999657,6379637.0,-1854.0000000000014,3000.0,0.027124658985055942,-0.016650848978835394,1500.979519378394,0.0,40.0,0.0,6379388.186467175,-1693.0780023464072,460.4035993007723,0.004162927331406755,-0.015206195140952459,1251.4278628034517,14.853273270543712,84.92861835117309,127.40370632812323,6379423.724946709,-1593.0259598277394,1118.46567195629,0.01011300777742599,-0.014307508983735921,1287.022554016672,30.105554945961277,82.27199162858983,491.6640894529544
3.6999999999999647,6379637.0,-1852.0000000000014,3000.0,0.027124658987542474,-0.016632886898961773,1500.978938468732,0.0,40.0,0.0,6379388.929381928,-1688.8311659782923,466.77439596393555,0.0042205309992020944,-0.015168050879381402,1252.17011792399,14.863316919216183,84.94483310346098,127.42815531552166,6379425.23298921,-1588.9542350129536,1143.1360393811117,0.010336071273347116,-0.014270936063680375,1288.5339834569022,30.216505524372053,80.5951441386708,495.14147307587416
3.7499999999999636,6379637.0,-1850.0000000000014,3000.0,0.02712465899002632,-0.016614924819084876,1500.9783581849188,0.0,40.0,0.0,6379389.67278438,-1684.5835287526888,473.14640022469007,0.004278145572155952,-0.015129899432712403,1252.9128698529676,14.872781214803515,84.9606528415137,127.45201051680675,6379426.746639419,-1584.966652355261,1167.97890512702,0.010560694358011633,-0.014235118857388016,1290.0511719463393,30.329889978861974,78.90630893776685,498.5640802856703
3.7999999999999625,6379637.0,-1848.0000000000016,3000.0,0.027124658992507485,-0.01659696273920472,1500.977778528817,0.0,40.0,0.0,6379390.416660056,-1680.3351010020085,479.51959655590355,0.004335770909866032,-0.015091740893790378,1253.6561041260138,14.882245908807851,84.97645410770355,127.47583813562474,6379428.266023244,-1581.0638111466958,1192.991538982694,0.010786852343311027,-0.014200062746577771,1291.5742468973622,30.445877490088595,77.20548713759098,501.93225631961604
3.8499999999999615,6379637.0,-1846.0000000000016,3000.0,0.027124658994985965,-0.016579000659321302,1500.977199498564,0.0,40.0,0.0,6379391.160995247,-1676.0858928131904,485.89396979888386,0.004393406875261507,-0.015053575353253376,1254.399807035923,14.89116175233215,84.9918705476803,127.49908725734667,6379429.791275171,-1577.2463110379197,1218.1712281147345,0.011014520698247548,-0.014165773116164033,1293.10334427841,30.564642274964847,75.49266316971635,505.24635091166306
3.8999999999999604,6379637.0,-1844.0000000000016,3000.0,0.027124658997461762,-0.01656103857943462,1500.9766210960224,0.0,40.0,0.0,6379391.905776237,-1671.8359142369306,492.269504849079,0.004451053331761633,-0.015015402901413571,1255.1439648773521,14.900077909036094,85.00726960646844,127.5223104258331,6379431.32253853,-1573.5147528901955,1243.515277269773,0.011243675050759395,-0.014132255361907944,1294.638608880341,30.68636391169406,73.76780405875577,508.50671737441604
3.9499999999999593,6379637.0,-1842.0000000000016,3000.0,0.027124658999934874,-0.016543076499544684,1500.976043320261,0.0,40.0,0.0,6379392.650990038,-1667.5851750851875,498.64618696026093,0.004508710146025638,-0.014977223626436876,1255.8885646685958,14.90847416762235,85.02229373805862,127.54496995234173,6379432.859965775,-1569.869739664937,1269.0210089298646,0.011474291189123348,-0.014099514898406143,1296.180194585584,30.81122769174758,72.03085864713614,511.7137116604364
3.9999999999999583,6379637.0,-1840.0000000000016,3000.0,0.027124659002405304,-0.016525114419651498,1500.9754661712795,0.0,40.0,0.0,6379393.396623657,-1663.3336851356053,505.02400143746087,0.004566377185176767,-0.014939037616180678,1256.633593420498,14.916870663416399,85.03730152103739,127.56760506804693,6379434.403718771,-1566.3118773532954,1294.685763420689,0.011706345062930605,-0.014067557167438991,1297.7282646689564,30.939425001199794,70.28175676608058,514.8676913998416
4.049999999999957,6379637.0,-1838.0000000000018,3000.0,0.027124659004873052,-0.016507152339755065,1500.9748896490782,0.0,40.0,0.0,6379394.142664793,-1659.0814539336097,511.4029339342442,0.004624054319489704,-0.01490084495641475,1257.3790388405323,14.924774740266159,85.05194399657869,127.5896909776409,6379435.953969116,-1562.8417759487115,1320.5068989706278,0.01193981278361833,-0.014036387646704661,1299.282992114313,31.071153734070244,68.52040834694593,517.9690149105376
4.099999999999956,6379637.0,-1836.0000000000018,3000.0,0.02712465900733811,-0.016489190259855385,1500.9743137545884,0.0,40.0,0.0,6379394.8891011365,-1654.8284909921344,517.7829701527116,0.004681741419678495,-0.014862645732616723,1258.1248886231333,14.932678986809016,85.06657110115164,127.61175393679099,6379437.510898473,-1559.4600504654804,1346.481791719931,0.012174670624549746,-0.01400601185896638,1300.8445599460974,31.20661874064087,66.74670246635016,521.0180401770598
4.149999999999955,6379637.0,-1834.0000000000018,3000.0,0.027124659009800493,-0.016471228179952464,1500.9737384868786,0.0,40.0,0.0,6379395.635921033,-1650.5748055982053,524.1640961340212,0.0047394383595229204,-0.014824440028233426,1258.8711311230436,14.940116893561722,85.08084224812303,127.63328172045715,6379439.074698933,-1556.1673220069129,1372.6078356775872,0.012410895020621277,-0.013976435381645048,1302.4131615934893,31.346032314037586,64.96050631791643,524.0151237932452
4.199999999999954,6379637.0,-1832.0000000000018,3000.0,0.027124659012260185,-0.016453266100046306,1500.9731638459489,0.0,40.0,0.0,6379396.383112827,-1646.3204070080806,530.5462979652898,0.0047971450132187985,-0.014786227926435028,1259.6177546856925,14.947554910208186,85.0950989498167,127.65478793642251,6379440.6455734,-1552.9642188868622,1398.8824426246765,0.012648462567385603,-0.013947663856891062,1303.9890012722462,31.48961471876266,63.16166410256886,526.9606198634344
4.249999999999953,6379637.0,-1830.0000000000018,3000.0,0.0271246590147172,-0.016435304020136914,1500.9725898327306,0.0,40.0,0.0,6379397.130665483,-1642.0653042582226,536.929562063514,0.004854861257944694,-0.014748009508415883,1260.3647482860833,14.954551335848713,85.1090087827434,127.67577261569312,6379442.223736,-1549.851377809007,1425.3030419612446,0.01288735001966392,-0.013919703002174788,1305.572294398211,31.637594765289386,61.34999582851755,529.8548788559779
4.299999999999952,6379637.0,-1828.0000000000018,3000.0,0.02712465901717152,-0.01641734194022429,1500.9720164462924,0.0,40.0,0.0,6379397.878567961,-1637.809506355956,543.3138748892134,0.004912586971273151,-0.01470978485510836,1261.1121008880436,14.961547818618367,85.1229050469424,127.69673703659167,6379443.809412527,-1546.8294451085512,1451.8670804948988,0.013127534289631032,-0.013892558621437517,1307.163268030621,31.79021043530989,59.52529601094617,532.698246402093
4.349999999999951,6379637.0,-1826.000000000002,3000.0,0.027124659019623163,-0.016399379860308445,1500.971443685703,0.0,40.0,0.0,6379398.626809812,-1633.5530220947292,549.6992232238964,0.0049703220336790675,-0.014671554045522252,1261.8598020486534,14.968126195058026,85.13646327874926,127.71719318057438,6379445.402840916,-1543.8990780617225,1478.5720221674183,0.013368992444339844,-0.013866236616851227,1308.762161345221,31.947709562787775,57.68733226036273,535.491062031939
4.39999999999995,6379637.0,-1824.000000000002,3000.0,0.027124659022072124,-0.01638141778038937,1500.970871552825,0.0,40.0,0.0,6379399.375380583,-1629.2958602403967,556.0855938902894,0.005028066326010458,-0.014633317158419262,1262.6078413212672,14.974704582272413,85.15000877189037,127.73763030606317,6379447.004271759,-1541.0609462688528,1505.4153477168115,0.013611701702661926,-0.013840743001239107,1310.3692261558026,32.11035057660747,55.835843747146576,538.2336578387716
4.449999999999949,6379637.0,-1822.000000000002,3000.0,0.0271246590245184,-0.016363455700467076,1500.970300046727,0.0,40.0,0.0,6379400.124270378,-1625.0380293506726,562.4729740234934,0.005085819731939785,-0.014595074270690142,1263.356208814308,14.980887146778112,85.16322482473552,127.75757204769056,6379448.613968847,-1538.3157331176556,1532.3945542701515,0.013855639431602012,-0.013816083911216243,1311.9847274459898,32.27840331130866,53.970539528429434,540.9263570605106
4.499999999999948,6379637.0,-1820.000000000002,3000.0,0.027124659026961987,-0.016345493620541565,1500.969729169272,0.0,40.0,0.0,6379400.873469298,-1620.779537957137,568.8613507976463,0.005143582135492892,-0.014556825458990657,1264.104894633405,14.987069681541504,85.17642892499143,127.77749594499143,6379450.232209772,-1535.664137333886,1559.507154863594,0.014100783141953815,-0.013792265621114956,1313.6089439773932,32.45214989325221,52.09109672161524,543.5694725666536
4.5499999999999465,6379637.0,-1818.000000000002,3000.0,0.0271246590294029,-0.016327531540612845,1500.9691589167342,0.0,40.0,0.0,6379401.622967979,-1616.5203943887914,575.2507116909103,0.0052013534234445526,-0.014518570798155644,1264.8538894224912,14.992877536095992,85.18931194061315,127.79693699654071,6379451.859286554,-1533.106874627566,1586.7506778836535,0.014347110483243643,-0.013769294557768326,1315.24216892384,32.63188571046837,50.197158506989005,546.1633052364573
4.5999999999999455,6379637.0,-1816.0000000000023,3000.0,0.027124659031841126,-0.016309569460680916,1500.9685892919078,0.0,40.0,0.0,6379402.37275705,-1612.2606069498827,581.641044218421,0.005259133482904246,-0.014480310362797377,1265.6031838115305,14.998685325703049,85.20218374809896,127.8163613157501,6379453.495506339,-1530.6446794437218,1614.122666424777,0.01459459923791691,-0.013747177316232196,1316.8847105512396,32.81792047555823,48.288331939485914,548.7081422123368
4.649999999999944,6379637.0,-1814.0000000000023,3000.0,0.027124659034276664,-0.01629160738074578,1500.9680202938616,0.0,40.0,0.0,6379403.122827646,-1608.0001837474704,588.0323361912431,0.005316922203657175,-0.014442044225755714,1266.3527689455077,15.00413849351913,85.21474259769985,127.83531498366834,6379455.141192141,-1528.2783068278118,1641.6206775556311,0.014843227314698918,-0.013725920676537084,1318.5368929794058,33.01057939221329,46.36418554721461,551.2042550097618
4.699999999999943,6379637.0,-1812.0000000000023,3000.0,0.02712465903670952,-0.016273645300807438,1500.9674519235268,0.0,40.0,0.0,6379403.873170898,-1603.7391328651686,594.4245754554607,0.005374719475805569,-0.014403772459659696,1267.1026359591633,15.009591566012682,85.2272909442251,127.85425297238493,6379456.796683647,-1526.0085344170488,1669.2422814873096,0.015092972741068533,-0.013705531621570623,1320.1990569727495,33.2102044373756,44.42424669120866,553.6518974621322
4.749999999999942,6379637.0,-1810.0000000000023,3000.0,0.027124659039139694,-0.016255683220865895,1500.9668841790408,0.0,40.0,0.0,6379404.623778414,-1599.4774621946308,600.8177501452363,0.005432525192056381,-0.014365495135412985,1267.8527764631435,15.014709045285972,85.2395342379219,127.8727321714627,6379458.462338094,-1523.8361645703421,1696.985060633667,0.015343813654756061,-0.013686017356204736,1321.8715608268976,33.41715577272518,42.46799865755218,556.0513034754655
4.799999999999941,6379637.0,-1808.0000000000023,3000.0,0.027124659041567183,-0.01623772114092116,1500.9663170622662,0.0,40.0,0.0,6379405.374641801,-1595.2151796053029,607.2118484279034,0.005490339245416855,-0.014327212323719555,1268.6031820699573,15.019826403249809,85.25176769631635,127.89119668877552,6379460.138531211,-1521.762026650969,1724.8466085545112,0.015595728294181639,-0.01366738532779436,1323.5547813056037,33.63181330105915,40.49487744889162,558.4026845637733
4.84999999999994,6379637.0,-1806.0000000000023,3000.0,0.02712465904399199,-0.016219759060973234,1500.9657505722716,0.0,40.0,0.0,6379406.125753117,-1590.9522927797423,613.6068587512573,0.005548161531430099,-0.014288924093603616,1269.3538448438048,15.02462621835132,85.26370379217606,127.90921395569971,6379461.825658252,-1519.786979478002,1752.8245287688835,0.015848694987718452,-0.013649643248191538,1325.249114674516,33.854578385343665,38.504268237842204,560.7062271309368
4.899999999999939,6379637.0,-1804.0000000000025,3000.0,0.027124659046414108,-0.016201796981022122,1500.9651847099885,0.0,40.0,0.0,6379406.87710442,-1586.6888093794705,620.0027695945146,0.005605991945923663,-0.014250630513900228,1270.1047568479553,15.029425890139573,85.27563068520881,127.92721748556635,6379463.524135119,-1517.9119139643744,1780.9164334257687,0.016102692141666444,-0.013632799117435479,1326.9549778262153,34.08587575082739,36.495501439267166,562.9620894592172
4.949999999999938,6379637.0,-1802.0000000000025,3000.0,0.027124659048833544,-0.016183834901067822,1500.9646194735542,0.0,40.0,0.0,6379407.628688197,-1582.4247368840415,626.3995697099641,0.005663830387194138,-0.01421233165180897,1270.855910571292,15.033925140148723,85.28726769790536,127.94478499190377,6379465.234399575,-1516.1377559619148,1809.119941815415,0.016357698226784297,-0.013616861249301214,1328.672809490934,34.32615559351925,34.46784835226631,565.170398357381
4.999999999999937,6379637.0,-1800.0000000000025,3000.0,0.027124659051250298,-0.016165872821110344,1500.9640548648313,0.0,40.0,0.0,6379408.380496932,-1578.1600827530813,632.7972478796592,0.005721676753807565,-0.014174027574350212,1271.6072985073552,15.038424228452651,85.29889610683206,127.96233965597003,6379466.956912574,-1514.4654693361765,1837.4326787039272,0.01661369176322291,-0.013601838298911774,1330.4030715692788,34.57589592194828,32.42051631523443,567.331245413192
5.049999999999936,6379637.0,-1798.0000000000025,3000.0,0.02712465905366437,-0.016147910741149688,1500.9634908838198,0.0,40.0,0.0,6379409.132523516,-1573.894854269026,639.1957931515535,0.005779530946734175,-0.01413571834695183,1272.3589135454968,15.04263913353444,85.31024191592428,127.97946922058269,6379468.692159731,-1512.8960592970723,1865.852272468711,0.016870651303657485,-0.013587739292647413,1332.1462505999953,34.835605163074376,30.35264330891341,569.4446827847463
5.099999999999935,6379637.0,-1796.0000000000027,3000.0,0.027124659056075754,-0.016129948661185858,1500.962927528657,0.0,40.0,0.0,6379409.884760843,-1569.6290586954335,645.5951946017968,0.0058373928671994445,-0.01409740403487193,1273.1107485881075,15.046853861790702,85.32157968866136,127.99658679044308,6379470.440652893,-1511.4305760146835,1894.3763530108902,0.01712855541440251,-0.013574573660615753,1333.9028593311086,35.1058250681118,28.26329193214589,571.5107184530546
5.149999999999934,6379637.0,-1794.0000000000027,3000.0,0.027124659058484456,-0.016111986581218856,1500.9623648012057,0.0,40.0,0.0,6379410.637202186,-1565.3627031233073,651.9954415654777,0.005895262418770097,-0.014059084701817798,1273.8627969091758,15.050799807133526,85.33264194653259,128.01328989139589,6379472.2029319,-1510.070118553795,1923.0025494144188,0.017387382654235374,-0.013562351271983976,1335.6734384829178,35.387133959631,26.151442663361312,573.5293108432182
5.199999999999933,6379637.0,-1792.0000000000027,3000.0,0.027124659060890476,-0.016094024501248687,1500.9618027005345,0.0,40.0,0.0,6379411.389840821,-1561.0957946257677,658.396523404395,0.005953139505254651,-0.014020760411335926,1274.6150517938659,15.0547455634905,85.34369670549985,128.02998180035618,6379473.979566495,-1508.8158391652755,1951.7284873187475,0.01764711155062929,-0.013551082473515488,1337.4585586572066,35.680150367924405,24.015986306723807,575.5003627035874
5.249999999999932,6379637.0,-1790.0000000000027,3000.0,0.02712465906329381,-0.016076062421275357,1500.9612412266433,0.0,40.0,0.0,6379412.142670389,-1556.8283401078813,664.7984297325277,0.006011024032741752,-0.013982431225462458,1275.367506885901,15.058437141193487,85.35448284496297,128.04626958632272,6379475.771158442,-1507.6689479779939,1980.551785963577,0.017907720573020182,-0.013540778131703337,1339.2588224513456,35.985537112434926,21.855715505575496,577.4237141098669
5.2999999999999305,6379637.0,-1788.0000000000027,3000.0,0.02712465906569446,-0.01605810034129886,1500.960680378601,0.0,40.0,0.0,6379412.895684532,-1552.560346457774,671.2011501891584,0.006068915907549112,-0.013944097206081201,1276.120155829005,15.062128520424864,85.36526199459671,128.0625469406684,6379477.578343845,-1506.6307181411873,2009.4700548592186,0.01816918810268736,-0.013531449678948664,1341.0748667819425,36.3040058933876,19.669315186169715,579.2991344339177
5.3499999999999295,6379637.0,-1786.0000000000027,3000.0,0.027124659068092426,-0.01604013826131921,1500.9601201592013,0.0,40.0,0.0,6379413.648877233,-1548.2918203998893,677.6046746591859,0.006126815038215218,-0.013905758413604957,1276.8729926114902,15.065579569260745,85.3757792361909,128.078430241874,6379479.401795723,-1505.7024914747208,2038.480890024912,0.01843149239872645,-0.013523109164299937,1342.90736546088,36.636322469655916,17.455351771777327,581.1263130829781
5.399999999999928,6379637.0,-1784.000000000003,3000.0,0.027124659070487712,-0.016022176181336414,1500.9595605665818,0.0,40.0,0.0,6379414.402242484,-1544.0227686426213,684.0089930514805,0.00618472133349556,-0.013867414908302178,1277.6260112291202,15.06903041255247,85.38628997015451,128.09430383168453,6379481.242226857,-1504.8856846932356,2067.581869729102,0.018694611559517703,-0.01351576930934568,1344.7570320367813,36.983312511944376,15.212260979666212,582.9048487730997
5.449999999999927,6379637.0,-1782.000000000003,3000.0,0.02712465907288031,-0.016004214101350462,1500.9590016007423,0.0,40.0,0.0,6379415.155774595,-1539.7531977349277,690.4140955141532,0.006242634704308754,-0.013829066749008509,1278.3792059989646,15.072254055856734,85.39654532914179,128.10979317039906,6379483.100392947,-1504.181796280447,2096.770549650177,0.018958523478952764,-0.01350944356994548,1346.6246229484677,37.345868235867925,12.938333981053887,584.6342370478657
5.499999999999926,6379637.0,-1780.000000000003,3000.0,0.027124659075270226,-0.015986252021361367,1500.958443261683,0.0,40.0,0.0,6379415.909467885,-1535.4831142105616,696.8199722180248,0.006300555061779002,-0.013790713994422853,1279.1325712399557,15.075477488718327,85.4067946372407,128.12527347991877,6379484.977096124,-1503.592414101704,2126.044457362592,0.019223205796559808,-0.013504146204590497,1348.5109410509467,37.724955937920114,10.631701665166574,586.313855687589
5.549999999999925,6379637.0,-1778.000000000003,3000.0,0.02712465907765746,-0.015968289941369125,1500.9578855494037,0.0,40.0,0.0,6379416.663316978,-1531.2125244479641,703.2266135669635,0.006358482319137629,-0.01375235670184838,1279.8861015811563,15.078486170331459,85.41679493032603,128.14037908053464,6379486.873188862,-1503.1192238570607,2155.401086031064,0.01948863584046626,-0.013499892350311734,1350.4168395064771,38.121624579261294,8.290316702562981,587.9429475707267
5.599999999999924,6379637.0,-1776.000000000003,3000.0,0.027124659080042007,-0.015950327861373747,1500.9573284657672,0.0,40.0,0.0,6379417.417316499,-1526.941434811173,709.634009986352,0.006416416389810728,-0.013713994928458735,1280.6397916506976,15.081494638558581,85.42678960515121,128.15547629813622,6379488.789578353,-1502.7640184936265,2184.8378871736036,0.019754790561939788,-0.013496698107202509,1352.3432261804119,38.53701558825198,5.911933047729202,589.5206004436272
5.649999999999923,6379637.0,-1774.0000000000032,3000.0,0.02712465908242387,-0.015932365781375236,1500.9567720079795,0.0,40.0,0.0,6379418.17146137,-1522.6698515129206,716.042152128603,0.006474357189277099,-0.013675628730067854,1281.3936363756657,15.084300157026552,85.43654145693436,128.17020809684377,6379490.727231409,-1502.528708715604,2214.352262321131,0.02002164645994986,-0.013494580632798077,1354.291068520397,38.97237408374324,3.4940824558526042,591.045722919524
5.699999999999922,6379637.0,-1772.0000000000032,3000.0,0.02712465908480305,-0.01591440370137359,1500.9562161760405,0.0,40.0,0.0,6379418.925746511,-1518.3977807522936,722.4510306665111,0.006532304633200061,-0.013637258162366968,1282.1476306803524,15.087105460920188,85.44628810024174,128.18493212459546,6379492.687179954,-1502.4153347535118,2243.9415533659267,0.020289179493871004,-0.013493558247762659,1356.2613990576938,39.429061757720554,1.0340475110768437,592.517015854424
5.749999999999921,6379637.0,-1770.0000000000032,3000.0,0.027124659087179547,-0.01589644162136882,1500.955660971813,0.0,40.0,0.0,6379419.680167123,-1514.1252285809699,728.860636494053,0.006590258639242759,-0.01359888327972263,1282.9017697675154,15.089719002089208,85.45579794941101,128.1992997786713,6379494.670527217,-1502.4260795814887,2273.6030313405295,0.02055736498199107,-0.013493650554580064,1358.2553216032684,39.90857169922721,-1.471169427488887,593.9329380232894
5.79999999999992,6379637.0,-1768.0000000000032,3000.0,0.027124659089553364,-0.015878479541360922,1500.9551063943654,0.0,40.0,0.0,6379420.434718407,-1509.852201037698,735.2709605245147,0.006648219125243152,-0.013560504136385132,1283.6560488417745,15.092332329067585,85.46530297824681,128.21366024152303,6379496.678454721,-1502.5632838038339,2303.3338833105804,0.020826177482962307,-0.01349487857123396,1360.2740182206035,40.41254549181971,-4.024882062675914,595.2916647287418
5.849999999999919,6379637.0,-1766.0000000000032,3000.0,0.02712465909192449,-0.015860517461349904,1500.9545524446294,0.0,40.0,0.0,6379421.189395827,-1505.578704017603,741.6819938866811,0.006706186010987639,-0.013522120785314135,1284.410463371314,15.094764496908155,85.47457708354047,128.22767313826986,6379498.712230194,-1502.8294624700022,2333.1311969848593,0.021095590656607183,-0.013497264882205458,1362.3187571428716,40.94279297515774,-6.63076160268847,596.5910375931276
5.899999999999918,6379637.0,-1764.0000000000032,3000.0,0.027124659094292937,-0.015842555381335766,1500.9539991226047,0.0,40.0,0.0,6379421.944194851,-1501.3047434035625,748.0937277276299,0.006764159216428222,-0.013483733279359162,1285.165008828044,15.097196452346571,85.48384673613845,128.24167939289688,6379500.7732165335,-1503.2273241218745,2362.991942549106,0.02136557709961716,-0.01350083380951637,1364.3909017285332,41.50131512690806,-9.292884774172668,597.8285032829722
5.949999999999917,6379637.0,-1762.0000000000034,3000.0,0.027124659096658697,-0.015824593301318517,1500.9534464264289,0.0,40.0,0.0,6379422.699111196,-1497.0303249385083,754.506153404412,0.006822138663415386,-0.013445341670112172,1285.9196809325367,15.099457298398294,85.49289118206886,128.25534665822687,6379502.862882011,-1503.7597924290224,2392.9129510989605,0.021636108150495353,-0.013505611607012406,1366.4919206630439,42.09033059281333,-12.01578951990512,599.0010382494453
5.999999999999916,6379637.0,-1760.0000000000034,3000.0,0.027124659099021772,-0.01580663122129816,1500.9528943579644,0.0,40.0,0.0,6379423.454140577,-1492.7554543537703,760.9192622914086,0.00688012427395651,-0.013406946009060804,1286.6744754007086,15.101717935088402,85.50193152351336,128.26900780152224,6379504.982811911,-1504.4300308273962,2422.890888883251,0.021907153656610404,-0.01351162668161684,1368.6233995892107,42.71230646590476,-14.804539652737388,600.1050556815044
6.049999999999915,6379637.0,-1758.0000000000034,3000.0,0.02712465910138217,-0.01578866914127469,1500.9523429153487,0.0,40.0,0.0,6379424.209278951,-1488.480137244311,767.333045967603,0.006938115971908883,-0.0133685463464673,1287.429388197139,15.103816986407448,85.5107522258746,128.28233830821605,6379507.134721826,-1505.2414706440575,2452.9222263474526,0.02217868169422654,-0.013518909845888483,1370.7870543915778,43.36999398186738,-17.664799879348806,601.1362896781662
6.0999999999999135,6379637.0,-1756.0000000000034,3000.0,0.02712465910373988,-0.015770707061248116,1500.9517921004444,0.0,40.0,0.0,6379424.964522273,-1484.2043791941012,773.7474960283959,0.006996113681278422,-0.013330142732495066,1288.1844152742997,15.105915832518027,85.51956915355082,128.29566318546375,6379509.320472868,-1506.1978432639187,2483.003200682179,0.022450658229798408,-0.013527494606876512,1372.9847464049235,44.06646983882832,-20.602922699295544,602.0896500412796
6.149999999999912,6379637.0,-1754.0000000000034,3000.0,0.027124659106094906,-0.01575274498121845,1500.9512419123203,0.0,40.0,0.0,6379425.719866723,-1479.9281856542218,780.1626042685667,0.0070541173278737355,-0.013291735216113387,1288.939552818425,15.107862118194781,85.52817186472056,128.30866556112068,6379511.5420891065,-1507.3032169696537,2513.12977019697,0.022723046707341446,-0.013537417496939833,1375.2184998271987,44.80518383362806,-23.626048657741418,602.9590389150134
6.199999999999911,6379637.0,-1752.0000000000036,3000.0,0.027124659108447247,-0.01573478290118568,1500.9506923519075,0.0,40.0,0.0,6379426.475308483,-1475.6515620653417,786.5783624984487,0.007112126837644235,-0.01325332384619792,1289.694797015749,15.109808203801602,85.53677111356222,128.32166277386477,6379513.801777561,-1508.5620391545306,2543.297558333639,0.022995807542113212,-0.013548718452814584,1377.4905216973275,45.590013373700714,-26.74222116123464,603.7371175418425
6.24999999999991,6379637.0,-1750.0000000000036,3000.0,0.02712465911079691,-0.01571682082114982,1500.9501434173435,0.0,40.0,0.0,6379427.2308439445,-1471.3745137386231,792.9947627226737,0.007170142138296091,-0.013214908670460624,1290.4501442601904,15.111610280208883,85.54516142760285,128.33434540855157,6379516.101951092,-1509.9791846524165,2573.501784448264,0.023268897494646158,-0.013561441249613077,1379.8032247703522,46.425325067067185,-29.96051633129567,604.4150073822394
6.299999999999909,6379637.0,-1748.0000000000036,3000.0,0.027124659113143882,-0.01569885874111087,1500.949595110491,0.0,40.0,0.0,6379427.986469506,-1467.0970459753635,799.4117969606084,0.007228163157668858,-0.013176489736524738,1291.205590953119,15.113412162554136,85.55354857514192,128.34702332216833,6379518.445254538,-1511.560010917728,2603.737177576487,0.02354226889090391,-0.013575633996334064,1382.1592536140233,47.31604282457434,-33.29118677599863,604.9819043869409
6.349999999999908,6379637.0,-1746.0000000000036,3000.0,0.027124659115488173,-0.01568089666106884,1500.9490474304184,0.0,40.0,0.0,6379428.742181764,-1462.8191639506456,805.8294574209777,0.0072861898253141905,-0.013138067090879417,1291.9611336914822,15.115078137347535,85.5617319327116,128.35939437578313,6379520.834594388,-1513.3104206613268,2633.997868157955,0.023815868643132742,-0.013591349698325999,1384.5615142425522,48.26772039388263,-36.7458150060315,605.4245778668881
6.399999999999907,6379637.0,-1744.0000000000036,3000.0,0.027124659117829783,-0.01566293458102372,1500.948500377126,0.0,40.0,0.0,6379429.497977315,-1458.5408728302057,812.2477363264652,0.007344222070910094,-0.013099640779929754,1292.7167690787464,15.116743924850459,85.56991240394105,128.37176112677264,6379523.273172086,-1515.2369322009577,2664.277251038978,0.02408963701100018,-0.013608646889024877,1387.013207372278,49.28661340174213,-40.33746628644324,605.7267157078857
6.449999999999906,6379637.0,-1742.0000000000036,3000.0,0.027124659120168704,-0.015644972500975525,1500.9479539524764,0.0,40.0,0.0,6379430.253852951,-1454.2621776567655,818.666626084307,0.007402259825803214,-0.013061210848975512,1293.472493908368,15.118281479719366,85.57789409702751,128.3838285361427,6379525.76452074,-1517.3467570286143,2694.5678108586208,0.024363506022597983,-0.013627590326497439,1389.5178650608286,50.37974079657486,-44.08081987134496,605.8680653386616
6.499999999999905,6379637.0,-1740.0000000000039,3000.0,0.027124659122504946,-0.015627010420924254,1500.9474081536755,0.0,40.0,0.0,6379431.00980546,-1449.9830834641941,825.0861191149623,0.007460303021459907,-0.013022777343236855,1294.2283049691468,15.119818854736721,85.58587316908934,128.3958920391583,6379528.3125442425,-1519.6478826041212,2724.860898039733,0.02463739744881546,-0.013648251736912054,1392.0793897220865,51.5549163288818,-47.9922381800497,605.8233053225682
6.549999999999904,6379637.0,-1738.0000000000039,3000.0,0.0271246591248385,-0.015609048340869909,1500.9468629816547,0.0,40.0,0.0,6379431.765831815,-1445.703595166459,831.5062080187679,0.007518351590972882,-0.012984340306856596,1294.984199238941,15.121235267113263,85.593658345566,128.4076635248712,6379530.921556529,-1522.149155586701,2755.146439979425,0.024911220191801683,-0.013670710561937478,1394.7020932631567,52.82071450761298,-52.0896994845091,605.5605681886354
6.599999999999903,6379637.0,-1736.0000000000039,3000.0,0.02712465912716937,-0.015591086260812499,1500.946318436414,0.0,40.0,0.0,6379432.521928986,-1441.4237176691415,837.9268854085864,0.007576405467548256,-0.012945899783902136,1295.7401736890897,15.122651507656945,85.60144115226403,128.41943147948592,6379533.596316234,-1524.860355662341,2785.4125678489736,0.02518486691041077,-0.01369505462168439,1397.390731570311,54.18630780379482,-56.39246153779965,605.0395286610662
6.649999999999902,6379637.0,-1734.0000000000039,3000.0,0.02712465912949756,-0.015573124180752022,1500.945774517022,0.0,40.0,0.0,6379433.278094116,-1437.143455760951,844.3481440726092,0.007634464585977371,-0.012907455817390775,1296.4962254669517,15.123953671265868,85.60903482028566,128.4309145524802,6379536.342047824,-1527.7922412825337,2815.645135455035,0.025458209669755892,-0.013721380525400421,1400.1505253836513,55.661066374980706,-60.92022779149979,604.2089916564396
6.699999999999901,6379637.0,-1732.000000000004,3000.0,0.027124659131823065,-0.015555162100688486,1500.9452312262729,0.0,40.0,0.0,6379434.034324349,-1432.862814222652,850.7699768108934,0.007692528881158995,-0.012869008450268367,1297.2523517189547,15.125255671560732,85.61662635644022,128.4423944497162,6379539.1644332055,-1530.956533749372,2845.8271051606384,0.025731094388889608,-0.013749793528500013,1402.9871515994892,57.25374162732844,-65.69144022642882,603.0040036633814
6.7499999999999,6379637.0,-1730.000000000004,3000.0,0.027124659134145888,-0.015537200020621892,1500.944688563235,0.0,40.0,0.0,6379434.790616995,-1428.581797721086,857.1923765943982,0.0077505982895370975,-0.012830557724457153,1298.0085497573018,15.12645011599452,85.62403338867816,128.45359641763096,6379542.069546583,-1534.3657824642255,2875.9377822671345,0.026003333918572374,-0.013780406322421656,1405.906677665189,58.970961060390664,-70.72012393543217,601.342754518108
6.799999999999899,6379637.0,-1728.000000000004,3000.0,0.027124659136466025,-0.015519237940552242,1500.944146526046,0.0,40.0,0.0,6379435.546969359,-1424.3004109155688,863.6153364053228,0.007808672747657408,-0.012792103681811717,1298.7648168895394,15.127644406060819,85.63143851432278,128.4647955462516,6379545.063689376,-1538.033020397206,2905.9519046110745,0.02627469981039983,-0.013813335940638386,1408.9153959332034,60.81467432801558,-76.0105210872216,599.124078480943
6.8499999999998975,6379637.0,-1726.000000000004,3000.0,0.02712465913878348,-0.015501275860479545,1500.9436051156372,0.0,40.0,0.0,6379436.303378904,-1420.0186583543605,870.0388493924614,0.007866752193571922,-0.012753646363188818,1299.5211505806074,15.128737315309682,85.63866365205342,128.47572351955625,6379548.153063869,-1541.9710803139585,2935.8386576435114,0.02654491341291973,-0.013848697618232575,1412.0194965852425,62.77822009088498,-81.54880743415615,596.2273691276775
6.899999999999896,6379637.0,-1724.000000000004,3000.0,0.027124659141098247,-0.0154833137804038,1500.9430643329397,0.0,40.0,0.0,6379437.059843089,-1415.736544578593,876.4629087152542,0.007924836565429012,-0.01271518580938112,1300.2775482926518,15.129830079499708,85.64588709648659,128.48664897214087,6379551.343215705,-1546.1914234004148,2965.560810566786,0.026813638063414316,-0.013886594272767129,1415.224509314634,64.84109063515088,-87.29203113601815,592.5181355865374
6.949999999999895,6379637.0,-1722.000000000004,3000.0,0.027124659143410335,-0.01546535170032501,1500.942524176091,0.0,40.0,0.0,6379437.816359524,-1411.4540740211353,882.887507695545,0.007982925802845422,-0.012676722060208555,1301.034007635899,15.130827309644133,85.6529349535307,128.4973098700409,6379554.6382044535,-1550.702391853697,2995.074358641738,0.027080475857653365,-0.013927100812353049,1418.5344731649384,66.96362476521959,-93.15683233068528,587.8633192661928
6.999999999999894,6379637.0,-1720.000000000004,3000.0,0.027124659145719737,-0.015447389620243182,1500.9419846469536,0.0,40.0,0.0,6379438.572925817,-1407.171251108104,889.3126396652609,0.008041019845529174,-0.012638255155430345,1301.7905262243003,15.131824404340925,85.65998131922058,128.50796854883896,6379558.039568287,-1555.5070204424385,3024.329228069034,0.027344974028210598,-0.01397024448329466,1421.9509008517489,69.08472287445342,-99.014435438764,582.1583507876545
7.049999999999893,6379637.0,-1718.0000000000043,3000.0,0.02712465914802645,-0.015429427540158315,1500.9414457455277,0.0,40.0,0.0,6379439.329539713,-1402.8880801600692,895.7382981146523,0.00809911863461977,-0.012599785133857419,1302.5471018049866,15.132731500313417,85.66685638574727,128.51836910497866,6379561.54533844,-1560.6009412989854,3053.2715273259764,0.027606645305334857,-0.014015986055079394,1425.4717936497182,71.1267155378866,-104.70064777592576,575.3601372819962
7.099999999999892,6379637.0,-1716.0000000000043,3000.0,0.02712465915033049,-0.015411465460070417,1500.9409074699506,0.0,40.0,0.0,6379440.086198963,-1398.604565491207,902.1644765435202,0.008157222111343173,-0.012561312034243193,1303.3037321278825,15.133638470698122,85.67373015210288,128.52876772756346,6379565.149517889,-1565.9712546554194,3081.8472740554757,0.027865001617382187,-0.014064209679758008,1429.0911215301603,73.00883090715516,-110.04403266843188,567.5100261492387
7.149999999999891,6379637.0,-1714.0000000000043,3000.0,0.02712465915263184,-0.01539350337997949,1500.940369822085,0.0,40.0,0.0,6379440.842901442,-1394.3207113127908,908.5911686060167,0.008215330218320908,-0.012522835894416561,1304.0604150723666,15.134460682206207,85.68043679830136,128.53891449553026,6379568.8423561845,-1571.5970717231119,3110.006656836349,0.028119592623908198,-0.014114727767408358,1432.7991001885384,74.66426090493486,-114.90187776125397,558.7305522614197
7.19999999999989,6379637.0,-1712.0000000000045,3000.0,0.027124659154930505,-0.01537554129988554,1500.9398328009993,0.0,40.0,0.0,6379441.599645029,-1390.036521830038,915.0183679653397,0.008273442898256388,-0.012484356752151957,1304.81714851968,15.135282778186225,85.68714232531337,128.5490596002571,6379572.611379037,-1577.4516548270185,3137.70743496016,0.028370036451294572,-0.014167300205082594,1436.5832229349762,76.05196298422703,-119.18532025744638,549.1959270256385
7.249999999999889,6379637.0,-1710.0000000000045,3000.0,0.027124659157226488,-0.015357579219788562,1500.9392964066938,0.0,40.0,0.0,6379442.356427726,-1385.75200114784,921.446068435171,0.008331560095213625,-0.01244587464432244,1305.5739304749295,15.136025074842504,85.69368480493789,128.55895895889563,6379576.442758585,-1583.50529188867,3164.916555060055,0.0286160343038486,-0.014221660170177185,1440.4296326423064,77.1583276334107,-122.8632327540681,539.0936349362015
7.299999999999888,6379637.0,-1708.0000000000045,3000.0,0.02712465915951979,-0.015339617139688566,1500.9387606391683,0.0,40.0,0.0,6379443.113247535,-1381.467153365351,927.87426383776,0.008389681753334198,-0.012407389607749482,1306.3307589404285,15.13676726618627,85.70022633669421,128.56885691017183,6379580.322552666,-1589.7279124939569,3191.6100242845223,0.028857369311398613,-0.014277537623082794,1444.3243618076667,77.99107058919617,-125.94966265200225,528.5951637100458
7.349999999999887,6379637.0,-1706.0000000000045,3000.0,0.027124659161810404,-0.015321655059585557,1500.9382255002856,0.0,40.0,0.0,6379443.870102575,-1377.1819824839056,934.3029481420753,0.008447807818086229,-0.012368901678375713,1307.0876320386305,15.13743435189141,85.70660879048707,128.5785150687151,6379584.2375585735,-1596.0909035470424,3217.7717032297896,0.02909389561120967,-0.014334675611935481,1448.254186347127,78.57073516717251,-128.486089372693,517.8420612041874
7.399999999999886,6379637.0,-1704.0000000000045,3000.0,0.027124659164098334,-0.015303692979479536,1500.9376909872517,0.0,40.0,0.0,6379444.626990967,-1372.8964924994063,940.7321153251988,0.008505938235011308,-0.012330410892094901,1307.8445478919894,15.13810134261569,85.71299045856797,128.5881720620898,6379588.17576655,-1602.5680862194158,3243.3917214994203,0.02932552401952582,-0.014392839045653107,1452.207078712061,78.92354868174809,-130.52640568658168,506.9438500578899
7.449999999999885,6379637.0,-1702.0000000000045,3000.0,0.027124659166383586,-0.015285730899370508,1500.9371571009979,0.0,40.0,0.0,6379445.383910943,-1368.6106873123767,947.1617595072663,0.008564072950944425,-0.012291917283943925,1308.601504733786,15.138697669193931,85.71921691756756,128.59759506511762,6379592.126517687,-1609.1360696564964,3268.4649607740894,0.029552208314847242,-0.014451817870165359,1456.1723652351648,79.0767643133983,-132.12706166777275,495.98195662483306
7.499999999999884,6379637.0,-1700.0000000000045,3000.0,0.02712465916866615,-0.015267768819258473,1500.9366238415241,0.0,40.0,0.0,6379446.140860733,-1364.324570818196,953.5918748160977,0.008622211912790145,-0.01225342088891339,1309.3585007991642,15.139293911203303,85.7254427443276,128.60701713220084,6379596.080485138,-1615.7742294997781,3292.9897916346717,0.029773933816403243,-0.014511426875444561,1460.1407067906111,79.05614320461466,-133.3416900991628,485.0154442683473
7.549999999999883,6379637.0,-1698.0000000000048,3000.0,0.027124659170946027,-0.01524980673914344,1500.9360912097618,0.0,40.0,0.0,6379446.897838673,-1360.0381468192406,960.0224555189964,0.008680355068714169,-0.012214921741158366,1310.1155344219878,15.13982369140602,85.73151713306196,128.61621086442693,6379600.029567684,-1622.4644981413885,3316.9670949927995,0.029990708536408863,-0.014571503811880325,1464.1039918772876,78.8848523591633,-134.21871323152618,474.0864659251243
7.5999999999998815,6379637.0,-1696.0000000000048,3000.0,0.027124659173223226,-0.015231844659025405,1500.9355592047796,0.0,40.0,0.0,6379447.6548431,-1355.7514191130156,966.453495890543,0.008738502366948068,-0.0121764198747901,1310.872603945434,15.140353397500029,85.73759103479836,128.6254038776394,6379603.966750283,-1629.1910820893513,3340.3995324125726,0.030202556582922698,-0.014631906852110918,1468.0551967760548,78.58316556967239,-134.8006508336431,463.2247215133473
7.6499999999998805,6379637.0,-1694.0000000000048,3000.0,0.02712465917549774,-0.015213882578904379,1500.9350278265774,0.0,40.0,0.0,6379448.411872451,-1351.4643914063386,972.884990341325,0.008796653756953125,-0.012137915323105116,1311.629707804881,15.14082061723799,85.74351717437827,128.6343740685471,6379607.885960942,-1635.9401687659022,3363.2910123567553,0.03040951333425884,-0.014692511957973144,1471.9882420953363,78.16856620380885,-135.1242870334833,452.45085365461665
7.699999999999879,6379637.0,-1692.0000000000048,3000.0,0.02712465917776957,-0.015195920498780364,1500.9344970751554,0.0,40.0,0.0,6379449.1689251615,-1347.177067401413,979.3169332888214,0.008854809188253012,-0.012099408119358437,1312.386844439432,15.141287773346745,85.74944296440064,128.64334374572087,6379611.781937673,-1642.699652371048,3385.646302962387,0.030611621938267598,-0.014753210418670117,1475.8978594904765,77.65602168535891,-135.22121017533905,441.77894619337826
7.749999999999878,6379637.0,-1690.0000000000048,3000.0,0.027124659180038712,-0.015177958418653359,1500.9339669514447,0.0,40.0,0.0,6379449.92599976,-1342.8894507120096,985.7493192831329,0.00891296861157049,-0.012060898296010612,1313.1440123785287,15.141696203475275,85.75522457550048,128.652095974031,6379615.650110777,-1649.4588903665453,3407.4707516941653,0.030808930777935735,-0.014813906663922375,1479.7794737443328,77.05830910238323,-135.1184696954453,431.2183330887591
7.799999999999877,6379637.0,-1688.000000000005,3000.0,0.027124659182305177,-0.015159996338523374,1500.9334374535829,0.0,40.0,0.0,6379450.68309478,-1338.6015449475308,992.1821428808853,0.008971131977687393,-0.012022385885482904,1313.901210158132,15.142104580447604,85.76100596708926,128.66084788284377,6379619.486501395,-1656.208492952914,3428.7700821194467,0.031001491634249104,-0.014874516373407351,1483.6291011748835,76.38633412960456,-134.83922616340809,420.7749004866397
7.849999999999876,6379637.0,-1686.000000000005,3000.0,0.027124659184568956,-0.015142034258390405,1500.9329085834324,0.0,40.0,0.0,6379451.440208839,-1334.3133536311398,998.6153987680291,0.009029299238554844,-0.011983870919421828,1314.6584363980219,15.142457787803165,85.76664667283778,128.66938758084694,6379623.287635285,-1662.9401436736068,3449.5502461807187,0.031189358350798377,-0.014934964865730264,1487.4432632857934,75.64941893232965,-134.40334147146993,410.45202415565586
7.899999999999875,6379637.0,-1684.000000000005,3000.0,0.02712465918683005,-0.015124072178254464,1500.932380340062,0.0,40.0,0.0,6379452.197340558,-1330.0248802818644,1005.0490816366935,0.009087470346179894,-0.011945353429436693,1315.4156897226349,15.142810952445982,85.77228728211385,128.677927143123,6379627.050470041,-1669.6464476281224,3469.8173164849163,0.03137258586016026,-0.014995185735331392,1491.218913897872,74.85555155944421,-133.82789200321304,400.2512468325838
7.949999999999874,6379637.0,-1682.000000000005,3000.0,0.027124659189088456,-0.015106110098115546,1500.9318527253345,0.0,40.0,0.0,6379452.95448864,-1325.736128334632,1011.48318630512,0.009145645253709846,-0.011906833446381292,1316.1729688309133,15.14311231041211,85.77779061088553,128.68625960086294,6379630.772333808,-1676.3208033942574,3489.577407576981,0.03155122947230636,-0.015055119702308358,1494.953377787955,74.0115972341426,-133.12760459218893,390.1727703134244
7.999999999999873,6379637.0,-1680.000000000005,3000.0,0.027124659191344186,-0.01508814801797366,1500.9313257355243,0.0,40.0,0.0,6379453.711651788,-1321.4471012204535,1017.9177075974005,0.009203823914344959,-0.011868311001074177,1316.9302724320441,15.143413636058876,85.78329395958153,128.6945920967262,6379634.450873702,-1682.957294958529,3508.8366183337857,0.031725344353942406,-0.015114713641917488,1498.6442990442738,73.12347524834975,-132.31522229593253,380.21581522585217
8.049999999999873,6379637.0,-1678.000000000005,3000.0,0.027124659193597227,-0.01507018593782881,1500.9307993724942,0.0,40.0,0.0,6379454.468828787,-1317.1578022883232,1024.3526404606112,0.009262006282397447,-0.011829786123597101,1317.6875993143767,15.143666334638176,85.78866334769461,128.7027224660429,6379638.084012295,-1689.5506003763205,3527.6009898461275,0.031894985147857345,-0.015173919764312954,1502.2895975122228,72.19630619458992,-131.401809379923,370.37888579870184
8.099999999999872,6379637.0,-1676.0000000000052,3000.0,0.027124659195847587,-0.015052223857680996,1500.9302736371756,0.0,40.0,0.0,6379455.22601842,-1312.8682348835266,1030.7879798473662,0.009320192312229672,-0.011791258843998466,1318.4449482578784,15.143919011223183,85.79403286583381,128.71085303793177,6379641.669910833,-1696.0959143622415,3545.8764747350683,0.03206020569563476,-0.015232694919383288,1505.8874319586903,71.23453424301368,-130.39700500316727,360.6599659680686
8.14999999999987,6379637.0,-1674.0000000000052,3000.0,0.027124659198095258,-0.015034261777530223,1500.9297485295683,0.0,40.0,0.0,6379455.983219547,-1308.5784022713624,1037.223720830217,0.00937838195928839,-0.011752729191608097,1319.2023181281984,15.144126066429884,85.79927166017009,128.71878633638713,6379645.20693803,-1702.5888824654137,3563.668914960425,0.0322210588371274,-0.015291000005623948,1509.4361688476056,70.2420287083334,-129.30923423265398,351.05666549469316
8.19999999999987,6379637.0,-1672.0000000000052,3000.0,0.027124659200340254,-0.015016299697376497,1500.9292240478098,0.0,40.0,0.0,6379456.740431027,-1304.288307713617,1043.6598584869582,0.00943657517906784,-0.011714197195724241,1319.9597077816725,15.144333109882927,85.80451068866842,128.7267199929535,6379648.693643496,-1709.02554488766,3580.984025974116,0.03237759626728358,-0.01534879946560604,1512.9343557264656,69.22216855155153,-128.14588383202403,341.56632941115305
8.249999999999869,6379637.0,-1670.0000000000052,3000.0,0.027124659202582557,-0.014998337617219819,1500.928700194694,0.0,40.0,0.0,6379457.497651788,-1299.9979543940667,1050.0963880123522,0.009494771928119808,-0.01167566288494434,1320.7171161528677,15.144497372873055,85.80962214919732,128.73446110761353,6379652.128735037,-1715.4022883436435,3597.8273856352434,0.0325298684360134,-0.015406060853664168,1516.380698514171,68.17791286474919,-126.91344907162078,332.1861203665922
8.299999999999867,6379637.0,-1668.0000000000052,3000.0,0.027124659204822182,-0.01498037553706019,1500.9281769674271,0.0,40.0,0.0,6379458.254880764,-1295.7073454931635,1056.5333046061246,0.009552972163041018,-0.011637126287835933,1321.4745421726257,15.144661634251507,85.81473394237022,128.7422027274791,6379655.511059168,-1721.7158046475595,3614.2044267150286,0.032677924480501705,-0.015462754463990867,1519.7740419972688,67.1118598497182,-125.61765671906674,322.91308079213366
8.349999999999866,6379637.0,-1666.0000000000055,3000.0,0.027124659207059126,-0.014962413456897621,1500.9276543669403,0.0,40.0,0.0,6379459.012116949,-1291.4164841152735,1062.9706035820761,0.009611175841459603,-0.011598587432283059,1322.231984840706,15.14478579984304,85.81972124459995,128.7497564185865,6379658.839584355,-1727.9630549439548,3630.120432113913,0.032821812182033484,-0.015518853009416973,1523.1133530382067,66.0262963423383,-124.26356843408372,313.7441799374949
8.399999999999865,6379637.0,-1664.0000000000055,3000.0,0.027124659209293377,-0.014944451376732108,1500.9271323941648,0.0,40.0,0.0,6379459.769359344,-1287.1253733616172,1069.408280258706,0.009669382921046224,-0.01156004634614146,1322.989443155937,15.144909973853768,85.82470897259739,128.7573107539915,6379662.113386511,-1734.1412386922657,3645.5805321329385,0.03296157794138507,-0.015574331342881978,1526.3977060709149,64.923239552129,-122.8556680099494,304.67634948965315
8.449999999999864,6379637.0,-1662.0000000000055,3000.0,0.02712465921152495,-0.014926489296563658,1500.9266110481694,0.0,40.0,0.0,6379460.52660701,-1282.834016259205,1075.8463300657704,0.009727593360477484,-0.011521503056600223,1323.7469161823392,15.14499658864531,85.8295752099465,128.76468165851875,6379665.331636417,-1740.2477666692744,3660.5897032992652,0.03309726676826013,-0.015629166214986567,1529.6262705111876,63.80447237411724,-121.39793526293346,295.7065105229075
8.499999999999863,6379637.0,-1660.0000000000055,3000.0,0.027124659213753833,-0.014908527216392273,1500.9260903289542,0.0,40.0,0.0,6379461.283859006,-1278.5424158320695,1082.2847484374724,0.009785807118470225,-0.01148295759082166,1324.5044029830024,15.14508322176492,85.83444196110933,128.77205333885212,6379668.493588786,-1746.28023738124,3675.1527683672357,0.033228922281348376,-0.015683336062165126,1532.7982997996733,62.6715733759631,-119.89390884953616,286.831593830179
8.549999999999862,6379637.0,-1658.0000000000055,3000.0,0.027124659215980042,-0.014890565136217957,1500.925570236519,0.0,40.0,0.0,6379462.041114454,-1274.2505750318608,1088.723530916525,0.009844024154722398,-0.011444409975317852,1325.2619026778266,15.145134691922406,85.83919014719902,128.7792459739357,6379671.598572687,-1752.236416379587,3689.2743972031362,0.03335658671636921,-0.015736820820933233,1535.9131218288094,61.5259423587883,-118.34673986990582,278.04855517675117
8.599999999999861,6379637.0,-1656.0000000000055,3000.0,0.027124659218203565,-0.014872603056040719,1500.925050770864,0.0,40.0,0.0,6379462.798372476,-1269.9584968074098,1095.1626730498522,0.009902244428970065,-0.011405860236575522,1326.0194143913686,15.145186190185406,85.84393893033652,128.78643950914736,6379674.645983185,-1758.1142180591028,3702.9591083313335,0.03348030094009055,-0.015789601764428826,1538.9701305627823,60.36882222477682,-116.75923777533067,269.35438664087303
8.64999999999986,6379637.0,-1654.0000000000057,3000.0,0.0271246592204244,-0.014854640975860553,1500.9245319329202,0.0,40.0,0.0,6379463.555632249,-1265.6661840369477,1101.6021704902093,0.009960467901906163,-0.011367308400447185,1326.776937302202,15.145204788688318,85.84857200121861,128.7934582754253,6379677.635273959,-1763.9116895854638,3716.211270968139,0.033600104468753854,-0.01584166135807555,1541.9687786567956,59.201317751737115,-115.13390982343313,260.74612492870153
8.699999999999859,6379637.0,-1652.0000000000057,3000.0,0.027124659222642553,-0.014836678895677469,1500.9240137217566,0.0,40.0,0.0,6379464.312892954,-1261.3736395960368,1108.042018894339,0.010018694534259728,-0.011328754492761349,1327.5344705907628,15.145223424934638,85.85320574782295,128.80047805934345,6379680.565950823,-1769.626996656272,3729.035107410909,0.03371603548970728,-0.015892983131711596,1544.9085709704086,58.0244117674371,-113.47299510280644,252.22085734187021
8.749999999999858,6379637.0,-1650.0000000000057,3000.0,0.02712465922485802,-0.014818716815491467,1500.9234961373731,0.0,40.0,0.0,6379465.070153821,-1257.0808662913746,1114.482214022207,0.010076924287693075,-0.011290198538727904,1328.292013491504,15.145211298629349,85.85772656412887,128.80732724417427,6379683.43756598,-1775.2584108453302,3741.4346956775544,0.03382813088530032,-0.01594355156593665,1547.7890588110313,56.838979129848035,-111.7784939697575,243.77572592114763
8.799999999999857,6379637.0,-1648.0000000000057,3000.0,0.02712465922707081,-0.014800754735302556,1500.9229791797698,0.0,40.0,0.0,6379465.827414083,-1252.7878669271336,1120.9227516375518,0.010135157123902696,-0.01125164056353403,1329.0495652360842,15.145199219558888,85.86224813051079,128.81417755770454,6379686.249712933,-1780.804298319168,3753.4139723168278,0.03393642625831955,-0.01599335199078205,1550.6098348451778,55.645798849030385,-110.05219359412928,235.40793017010694
8.849999999999856,6379637.0,-1646.0000000000057,3000.0,0.02712465922928091,-0.01478279265511073,1500.922462850809,0.0,40.0,0.0,6379466.584673023,-1248.494644240312,1127.3636276047944,0.010193393005495382,-0.011213080591763486,1329.8071251111105,15.145158395671597,85.86665947954343,128.8208613383004,6379689.002021964,-1786.2631097457167,3764.9767353255625,0.03404095595838938,-0.016042370495086944,1553.3705285731703,54.44556462948394,-108.29569019312781,227.1147286741589
8.899999999999855,6379637.0,-1644.000000000006,3000.0,0.027124659231488327,-0.014764830574916003,1500.921947146766,0.0,40.0,0.0,6379467.341929924,-1244.2012009655184,1133.804837791926,0.01025163189511025,-0.01117451864797852,1330.5646923985332,15.145117628358232,85.87107164891195,128.82754635254085,6379691.694156105,-1791.6333712423877,3776.126647124999,0.03414175310890471,-0.016090593845208587,1556.0708022918552,53.2388940648805,-106.51040843525838,218.8934398601082
8.949999999999854,6379637.0,-1642.000000000006,3000.0,0.027124659233693064,-0.014746868494718374,1500.921432070434,0.0,40.0,0.0,6379468.0991841145,-1239.907539771836,1140.2463781651431,0.010309873756274348,-0.011135954756152783,1331.3222664324567,15.145050020838314,85.87537624666425,128.83406879899084,6379694.325807531,-1796.9136762319831,3786.8672375572783,0.03423884963414431,-0.016138009411885357,1558.7103474847972,52.02633667933001,-104.69761841766798,210.7414420897789
8.999999999999853,6379637.0,-1640.000000000006,3000.0,0.02712465923589511,-0.014728906414517842,1500.9209176218137,0.0,40.0,0.0,6379468.856434928,-1235.613663326085,1146.6882446940215,0.01036811855254531,-0.011097388940239572,1332.0798465423286,15.144982479074224,85.8796817311333,128.8405925782373,6379696.896694347,-1802.1026780942364,3797.2019068736763,0.03433227628630773,-0.01618460510424477,1561.288881613873,50.808380977721406,-102.85845055490181,202.65617323896365
9.049999999999851,6379637.0,-1638.000000000006,3000.0,0.02712465923809448,-0.014710944334314417,1500.9204037981108,0.0,40.0,0.0,6379469.613681737,-1231.3195742311686,1153.130433443927,0.01042636624834686,-0.011058821223618015,1332.8374321032315,15.14488989448999,85.88388222425135,128.84695765644713,6379699.4065576885,-1807.1990835154256,3807.1339286910616,0.03442206267226352,-0.01623036931008045,1563.8061452051625,49.585460642102724,-100.9939086637162,194.63512988252762
9.09999999999985,6379637.0,-1636.000000000006,3000.0,0.02712465924029116,-0.014692982254108103,1500.9198906030506,0.0,40.0,0.0,6379470.37092392,-1227.0252750878478,1159.5729404834233,0.010484616808131666,-0.011020251629647978,1333.5950224967673,15.144797384682322,85.88808366679201,128.85332416111675,6379701.855159116,-1812.2016464524622,3816.666452900225,0.03450823727986095,-0.016275290841647326,1566.261899245903,48.35795998951181,-99.10488148382817,186.6758661804066
9.14999999999985,6379637.0,-1634.000000000006,3000.0,0.02712465924248516,-0.014675020173898896,1500.9193780357018,0.0,40.0,0.0,6379471.128160892,-1222.7307684345312,1166.0157619745116,0.010542870197197214,-0.010981680181129227,1334.352617137134,15.144681527924199,85.89218263447245,128.85953573564984,6379704.242278277,-1817.1091626380285,3825.802508512259,0.034590827503680366,-0.016319358886315596,1568.6559228496626,47.126218789126625,-97.19215283776596,178.77599254129854
9.199999999999848,6379637.0,-1632.000000000006,3000.0,0.027124659244676476,-0.014657058093686807,1500.9188660942018,0.0,40.0,0.0,6379471.885392074,-1218.4360568076013,1172.4588940822196,0.010601126380868395,-0.0109431069008433,1335.110215447843,15.144565754799025,85.8962826107995,128.865748825106,6379706.567710785,-1821.9204645635598,3834.5450064342654,0.03466985967014354,-0.016362562961515923,1570.9880111217499,45.89053652149457,-95.25641060170409,170.9331741244672
9.249999999999847,6379637.0,-1630.0000000000061,3000.0,0.027124659246865107,-0.014639096013471839,1500.918354779482,0.0,40.0,0.0,6379472.642616923,-1214.1411426826137,1178.9023330627167,0.010659385325294148,-0.01090453181102534,1335.8678168868646,15.144428234381653,85.90028256663498,128.87181066194674,6379708.8312663,-1826.6344168839491,3842.896742166781,0.034745359061915226,-0.016404892873471872,1573.2579732472077,44.651176150509436,-93.29825463341385,163.14512922973603
9.299999999999846,6379637.0,-1628.0000000000061,3000.0,0.027124659249051056,-0.014621133933253991,1500.9178440924734,0.0,40.0,0.0,6379473.399834898,-1209.8460285332067,1185.3460751750376,0.010717646996649356,-0.010865954933893248,1336.625420914963,15.144290806286808,85.90428358704261,128.87787409724763,6379711.0327667855,-1831.2499121954206,3850.8603984191386,0.03481734994156179,-0.01644633867928346,1575.4656307427213,43.40836746803739,-91.31820378105444,155.40962761543605
9.349999999999845,6379637.0,-1626.0000000000061,3000.0,0.02712465925123432,-0.014603171853033269,1500.917334032245,0.0,40.0,0.0,6379474.157045497,-1205.550716773679,1191.7901167671228,0.010775911361912747,-0.01082737629113189,1337.3830270264298,15.144133139435562,85.90818698080861,128.88378986647615,6379713.172044933,-1835.7658671429006,3858.438547639294,0.03488585557443574,-0.016486890651969774,1577.6108158761635,42.16231006237174,-89.31670207797625,147.72448877866637
9.399999999999844,6379637.0,-1624.0000000000064,3000.0,0.0271246592534149,-0.014585209772809677,1500.9168245987967,0.0,40.0,0.0,6379474.914248214,-1201.2552098165152,1198.234454189623,0.010834178388087586,-0.010788795904409823,1338.1406347248703,15.14397557342781,85.91209149194763,128.88970731303533,6379715.248942712,-1840.1812188188703,3865.6336544576675,0.034950898250781993,-0.01652653924812914,1579.6933702211827,40.91317595392915,-87.29412421204775,140.08758022602132
9.449999999999843,6379637.0,-1622.0000000000064,3000.0,0.0271246592555928,-0.014567247692583222,1500.9163157930598,0.0,40.0,0.0,6379475.671442582,-1196.9595100163094,1204.6790838799154,0.010892448042961264,-0.010750213794875585,1338.898243538104,15.143799190973027,85.91590071133167,128.89548059141623,6379717.263310052,-1844.4949214189396,3872.448078044508,0.03501249930706164,-0.01656527507790474,1581.7131433328614,39.66111193520351,-85.25078034402395,132.496815761139
9.499999999999842,6379637.0,-1620.0000000000064,3000.0,0.027124659257768007,-0.014549285612353897,1500.9158076131716,0.0,40.0,0.0,6379476.428628135,-1192.6636197259402,1211.1240022779425,0.010950720294344416,-0.01071162998366228,1339.6558530004695,15.143622917712868,85.91971109792975,128.90125562157775,6379719.2150036385,-1848.7059431235748,3878.8840743828687,0.03507067914651203,-0.016603088876981177,1583.6699915435165,38.40624164591786,-83.18692033627649,124.95015381259209
9.54999999999984,6379637.0,-1618.0000000000064,3000.0,0.027124659259940537,-0.014531323532121715,1500.915300060995,0.0,40.0,0.0,6379477.185804438,-1188.367541241809,1217.569205908247,0.01100899511081257,-0.01067304449139571,1340.4134626835585,15.14342916858331,85.92342847021703,128.9068898950826,6379721.103885797,-1852.8132631773983,3884.943798459203,0.035125457258961455,-0.016639971480355245,1585.5637768488377,37.1486674094222,-81.10273744170516,117.44559582723072
9.59999999999984,6379637.0,-1616.0000000000064,3000.0,0.027124659262110377,-0.014513361451886676,1500.9147931355983,0.0,40.0,0.0,6379477.942971055,-1184.071276858693,1224.0146912977996,0.011067272460963251,-0.010634457338687064,1341.1710721468553,15.143235536828985,85.9271470567558,128.9125259906311,6379722.92982347,-1856.8158691404537,3890.6293063760904,0.03517685223993924,-0.016675913797651043,1587.3943658815697,35.888471851376266,-78.99837149095652,109.98118475501666
9.649999999999839,6379637.0,-1614.0000000000064,3000.0,0.027124659264277543,-0.014495399371648787,1500.9142868369818,0.0,40.0,0.0,6379478.700127586,-1179.7748288162702,1230.4604550560991,0.011125552314140159,-0.010595868545652596,1341.9286809936166,15.143025692445919,85.9307748504575,128.91802465687553,6379724.692687271,-1860.7127542867001,3895.9425573918707,0.03522488180912452,-0.01671090678975721,1589.1616289597005,34.62571931742588,-76.87391160509692,102.55500365755839
9.699999999999838,6379637.0,-1612.0000000000066,3000.0,0.02712465926644202,-0.014477437291408048,1500.9137811651453,0.0,40.0,0.0,6379479.457273628,-1175.4781993526822,1236.9064937949408,0.011183834639707785,-0.010557278132394743,1342.6862888205796,15.14281597344795,85.93440390279277,128.92352521146088,6379726.3923506,-1864.5029151267997,3900.8854158948607,0.03526956282820305,-0.01674494144658033,1590.8654392063618,33.3604571019089,-74.72939844857201,95.16517447948327
9.749999999999837,6379637.0,-1610.0000000000066,3000.0,0.027124659268603815,-0.01445947521116446,1500.9132761219516,0.0,40.0,0.0,6379480.214408807,-1171.1813906523141,1243.35280420663,0.011242119407758546,-0.010518686118533072,1343.4438952580094,15.142591231834585,85.93794432922928,128.92889158207348,6379728.028688816,-1868.1853490319565,3905.459653321039,0.03531091131821256,-0.01677800876570585,1592.5056717256084,32.092716495271205,-72.56482602440464,87.8098570363149
9.799999999999836,6379637.0,-1608.0000000000066,3000.0,0.02712465927076292,-0.014441513130918033,1500.9127717046067,0.0,40.0,0.0,6379480.971532754,-1166.884404898097,1249.7993829856441,0.01130040658840453,-0.010480092523674074,1344.201499933377,15.142366623445634,85.94148605616658,128.93425990356837,6379729.601578465,-1871.7590519359985,3909.6669500282337,0.035348942476494345,-0.01681009973176155,1594.082202819176,30.822513652655623,-70.3801429977828,80.487248291616
9.849999999999834,6379637.0,-1606.0000000000066,3000.0,0.027124659272919353,-0.014423551050668768,1500.9122679140419,0.0,40.0,0.0,6379481.728645122,-1162.5872442205148,1256.2462269050004,0.011358696152467948,-0.01044149736695313,1344.9591025048867,15.142128113121522,85.94494127100425,128.93949720648965,6379731.110896532,-1875.2230160910585,3913.508897143299,0.03538367069340046,-0.016841205296262395,1595.5949092479423,29.549850280935672,-68.17525351599046,73.19558202893374
9.899999999999833,6379637.0,-1604.0000000000068,3000.0,0.02712465927507309,-0.014405588970416668,1500.9117647511885,0.0,40.0,0.0,6379482.485745569,-1158.289910748676,1262.6933327397714,0.011416988070789608,-0.010402900667493256,1345.716702629812,15.141889743691173,85.94839782582838,128.94473651927782,6379732.556519743,-1878.5762278507323,3916.9869984060033,0.03541510956897078,-0.0168713163577021,1597.043667519465,28.274714135222734,-65.95001746943838,65.93312907111884
9.949999999999832,6379637.0,-1602.0000000000068,3000.0,0.027124659277224152,-0.014387626890161735,1500.9112622141838,0.0,40.0,0.0,6379483.242833775,-1153.9924065605182,1269.1406973416513,0.011475282314903109,-0.01036430244395783,1346.474299987778,15.14163852739809,85.95176993056945,128.94984790098894,6379733.938323863,-1881.8176654505012,3920.102672041952,0.03544327192987248,-0.016900423741620128,1598.4283532071859,26.997079309713868,-63.70425011119532,58.698198275843836
9.999999999999831,6379637.0,-1600.0000000000068,3000.0,0.027124659279372527,-0.014369664809903973,1500.9107603039593,0.0,40.0,0.0,6379483.999909423,-1149.6947337326783,1275.5883175642762,0.01153357885635962,-0.01032570271499852,1347.2318942639977,15.141387459499052,85.95514341252736,128.95496134818333,6379735.256183026,-1884.9462967509248,3922.8572527117053,0.03546816984702812,-0.016928518180334282,1599.748840262182,25.716906301899844,-61.43772091987624,51.48913865132011
10.04999999999983,6379637.0,-1598.0000000000068,3000.0,0.027124659281518217,-0.014351702729643387,1500.910259021446,0.0,40.0,0.0,6379484.7569722235,-1145.396894291865,1282.0361903360317,0.011591877667386159,-0.010287101498818528,1347.9894851697609,15.141124537688917,85.95843445595885,128.95994987587295,6379736.509969048,-1887.961076901909,3925.2519936040267,0.03548981465454684,-0.016955590291964605,1601.0050003267825,24.434141827163863,-59.15015155905481,44.30434311929634
10.09999999999983,6379637.0,-1596.0000000000068,3000.0,0.027124659283661222,-0.014333740649379976,1500.9097583666444,0.0,40.0,0.0,6379485.514021881,-1141.0988902635572,1288.4843125871425,0.011650178720226403,-0.010248498813609999,1348.7470724070445,15.140861771605255,85.96172691170216,128.9649405214731,6379737.699550727,-1890.860945879061,3927.28806877465,0.035508216970875306,-0.01698163055830848,1602.1967020444572,23.14871836927222,-56.84121276794147,37.14225473270356
10.149999999999828,6379637.0,-1594.0000000000068,3000.0,0.027124659285801545,-0.014315778569113754,1500.9092583376914,0.0,40.0,0.0,6379486.271058126,-1136.8007236245192,1294.9326813207556,0.011708481987783353,-0.010209894677127497,1349.5046557141468,15.140588085829286,85.96493889129822,128.96980918513432,6379738.824793116,-1893.6448258347602,3928.9665758818146,0.03552338672353609,-0.017006629301051866,1603.3238103287295,21.860553487123465,-54.51052005102959,30.00137658409849
10.199999999999827,6379637.0,-1592.0000000000068,3000.0,0.027124659287939185,-0.014297816488844716,1500.9087589364499,0.0,40.0,0.0,6379487.028080692,-1132.5023963503509,1301.3812935417584,0.011766787442975764,-0.01017128910711512,1350.2622348181903,15.140314562945827,85.96815231627919,128.9746800161137,6379739.885556753,-1896.3116182038818,3930.2885395465864,0.03553533317951499,-0.01703057665577719,1604.3861855892465,20.569548992197646,-52.15762820073205,22.88028725525411
10.249999999999826,6379637.0,-1590.000000000007,3000.0,0.02712465929007414,-0.014279854408572868,1500.9082601619884,0.0,40.0,0.0,6379487.785089329,-1128.2039103691216,1307.8301463261796,0.011825095059365628,-0.010132682120890031,1351.0198094742373,15.140030998982828,85.9712871795675,128.97943173058678,6379740.88169686,-1898.8602005152625,3931.2549156773293,0.03554406498436573,-0.017053462543328603,1605.3836829382926,19.27559032591827,-49.78202515965711,15.777664445160765
10.299999999999825,6379637.0,-1588.000000000007,3000.0,0.02712465929220641,-0.014261892328298212,1500.907762014307,0.0,40.0,0.0,6379488.542083793,-1123.9052676077984,1314.2792367516947,0.011883404810529833,-0.010094073735759473,1351.777379438281,15.139747604913683,85.97442351939966,128.98418565892683,6379741.813062529,-1901.289422909384,3931.8665972490608,0.03554959021446866,-0.0170752766385389,1606.316151372157,17.978546894679884,-47.383126798928785,8.692320126609163
10.349999999999824,6379637.0,-1586.000000000007,3000.0,0.027124659294336,-0.014243930248020753,1500.9072644943371,0.0,40.0,0.0,6379489.299063858,-1119.6064699469707,1320.7285619653856,0.011941716670672817,-0.01005546396861412,1352.5349444849417,15.13945499577665,85.97748316528639,128.9888232658794,6379742.679495968,-1903.5981044866905,3932.1244221982124,0.0355519164484153,-0.01709600833743515,1607.1834330298007,16.67827483822949,-44.960276185567174,1.623250424387518
10.399999999999823,6379637.0,-1584.000000000007,3000.0,0.02712465929646291,-0.014225968167740494,1500.9067676011473,0.0,40.0,0.0,6379490.056029296,-1115.3075192661852,1327.1781191158911,0.012000030614013122,-0.010016852836335266,1353.2925043869764,15.139162563372011,85.98054431706383,128.9934631305415,6379743.480832005,-1905.785029858201,3932.0291841996036,0.03555105086445035,-0.01711564672626045,1607.9853626973927,15.37462456324825,-42.51275368794529,-5.430299363472111
10.449999999999822,6379637.0,-1582.000000000007,3000.0,0.027124659298587126,-0.01420800608745744,1500.9062713347375,0.0,40.0,0.0,6379490.812979902,-1111.0084173997352,1333.627905419563,0.012058346615381486,-0.009978240355397726,1354.0500589413568,15.138861692123625,85.98353059712241,128.9979894003945,6379744.216898134,-1907.8489466419658,3931.5816469477827,0.03554700036959496,-0.017134180558988684,1608.7217678539455,14.067455582137821,-40.039805997570944,-12.468761704282416
10.49999999999982,6379637.0,-1580.0000000000073,3000.0,0.027124659300708658,-0.014190044007171592,1500.9057756960392,0.0,40.0,0.0,6379491.569915469,-1106.7091661809277,1340.0779180942268,0.01211666464962204,-0.00993962654226745,1354.8076079376042,15.138561004285451,85.9865184107034,129.00251796923797,6379744.887515516,-1909.7885649960203,3930.78256192757,0.0355397717603116,-0.017151598253126215,1609.3924696985632,12.75665923896357,-37.54069855444957,-19.492184361175486
10.54999999999982,6379637.0,-1578.0000000000073,3000.0,0.027124659302827515,-0.014172081926882955,1500.9052806822583,0.0,40.0,0.0,6379492.326835808,-1102.4097673989127,1346.5281544237698,0.01217498469217617,-0.009901011413013753,1355.5651511922479,15.138252606824842,85.98943313042027,129.00693560302665,6379745.492501227,-1911.6025602346303,3929.6326885042213,0.03552937190413446,-0.017167887913200824,1609.9972854014486,11.44218514422842,-35.01478389969895,-26.500204184029258
10.599999999999818,6379637.0,-1576.0000000000073,3000.0,0.027124659304943684,-0.014154119846591534,1500.9047862971202,0.0,40.0,0.0,6379493.083740734,-1098.110222841907,1352.978611693473,0.012233306718497913,-0.009862394983697564,1356.3226885190234,15.137944399293758,85.99234940966774,129.01135557466213,6379746.031671749,-1913.289578834065,3928.13281403838,0.03551580792151676,-0.01718303738468816,1610.536031609401,10.124062659860659,-32.46156469070233,-33.492073149673345
10.649999999999817,6379637.0,-1574.0000000000073,3000.0,0.02712465930705717,-0.014136157766297328,1500.9042925378308,0.0,40.0,0.0,6379493.840630073,-1093.810534255039,1359.4292872530698,0.012291630704624032,-0.009823777269992786,1357.0802197437733,15.137629166790223,85.99519432966399,129.01566720586058,6379746.504847248,-1914.8482469691633,3926.2837715181827,0.0354990873452254,-0.017197034330664673,1611.0085287401453,8.80240981939378,-29.880729147891294,-40.46672813436869
10.699999999999816,6379637.0,-1572.0000000000073,3000.0,0.027124659309167968,-0.014118195686000343,1500.9037994081154,0.0,40.0,0.0,6379494.597503655,-1089.5107033825545,1365.880178453612,0.012349956626603244,-0.009785158287565376,1357.8377446979284,15.137314130579366,85.99804083366264,129.01998121146755,6379746.911855929,-1916.277179947474,3924.086453159167,0.03547921824327829,-0.01720986631652123,1611.414605345577,7.477428699891418,-27.272151981877244,-47.422877479888946
10.749999999999815,6379637.0,-1570.0000000000073,3000.0,0.02712465931127609,-0.014100233605700584,1500.9033069033176,0.0,40.0,0.0,6379495.3543613255,-1085.2107319266527,1372.3312827090324,0.012408284461052804,-0.009746538051703632,1358.5952632287517,15.1369927120166,86.00081767086816,129.02418940774186,6379747.252537937,-1917.5749910075024,3921.541819805047,0.03545620930391859,-0.017221520888966974,1611.7541020261124,6.149392230922138,-24.635870480205078,-54.35907925275231
10.799999999999814,6379637.0,-1568.0000000000073,3000.0,0.027124659313381524,-0.014082271525398055,1500.9028150252998,0.0,40.0,0.0,6379496.11120293,-1080.9106215886982,1378.7825974345117,0.012466614184601259,-0.009707916577688344,1359.3527751816437,15.13667149595597,86.00359611509393,129.02840001281493,6379747.52674851,-1918.7402986151715,3918.650906888436,0.035430069889490406,-0.01723198564154778,1612.0268745841458,4.818628536925671,-21.972050641691908,-61.27379986358782
10.849999999999813,6379637.0,-1566.0000000000075,3000.0,0.027124659315484273,-0.014064309445092758,1500.9023237749934,0.0,40.0,0.0,6379496.86802833,-1076.6103740290253,1385.2341201065806,0.012524945774431863,-0.009669293880431761,1360.1102804169059,15.136344500369868,86.00630654389799,129.03250727774045,6379747.734360372,-1919.7717320546978,3915.4148279621495,0.035400810068353696,-0.017241248264849084,1612.232796416618,3.4855067177714454,-19.280954070788162,-68.16545324286871
10.899999999999812,6379637.0,-1564.0000000000075,3000.0,0.02712465931758434,-0.014046347364784696,1500.9018331514671,0.0,40.0,0.0,6379497.624837385,-1072.3099909071782,1391.6858482029497,0.012583279207738544,-0.009630669974839027,1360.867778797634,15.136017713344218,86.00901860136445,129.03661698380037,6379747.875265478,-1920.6679354917242,3911.8347766589736,0.03536844063259412,-0.01724929658297999,1612.3717602733523,2.1504255112054507,-16.562910351534896,-75.03242542628533
10.949999999999811,6379637.0,-1562.0000000000075,3000.0,0.027124659319681724,-0.01402838528447387,1500.901343154721,0.0,40.0,0.0,6379498.381629969,-1068.0094738426626,1398.137779261186,0.012641614462256442,-0.009592044875455664,1361.6252701980993,15.135685711986069,86.01166425473178,129.04062575852723,6379747.949376283,-1921.4275708138111,3907.91202768002,0.035332973106953075,-0.01725611857907834,1612.4436795180663,0.8138048408680707,-13.818295711419262,-81.87308957351638
10.99999999999981,6379637.0,-1560.0000000000077,3000.0,0.02712465932177642,-0.014010423204160294,1500.9008537856862,0.0,40.0,0.0,6379499.138405958,-1063.7088244542363,1404.589910819973,0.01269995151573079,-0.009553418596820457,1362.3827544925734,15.135353925098178,86.01431155710208,129.04463700478018,6379747.956626638,-1922.0493195448723,3903.647937190863,0.035294419752405576,-0.01726170241250002,1612.4484890252352,-0.5239202825366446,-11.04751711167626,-88.68581512806698
11.049999999999809,6379637.0,-1558.0000000000077,3000.0,0.027124659323868434,-0.013992461123843957,1500.9003650434315,0.0,40.0,0.0,6379499.895165242,-1059.4080443215837,1411.0422404763924,0.012758290346434836,-0.009514791153121243,1363.1402315739542,15.135017453592903,86.01689402765192,129.04854966964263,6379747.896972424,-1922.5318840734678,3899.0439428545715,0.03525279356645683,-0.017266036429846907,1612.3861458236352,-1.8623041061541938,-8.251000505276297,-95.46897349409511
11.099999999999808,6379637.0,-1556.0000000000077,3000.0,0.027124659325957767,-0.01397449904352487,1500.899876927957,0.0,40.0,0.0,6379500.651907708,-1055.1071350236834,1417.4947658285835,0.012816630932651412,-0.009476162558539508,1363.8977013267577,15.134681202321865,86.0194781663139,129.05246483458387,6379747.770392016,-1922.873988373992,3894.101563636562,0.03520810828137722,-0.017269109171441144,1612.2566295387223,-3.2008932256376346,-5.429182123955555,-102.22094165682202
11.149999999999807,6379637.0,-1554.0000000000077,3000.0,0.027124659328044413,-0.01395653696320304,1500.8993894392624,0.0,40.0,0.0,6379501.408633255,-1050.8060981013823,1423.9474845316622,0.012874973253178495,-0.009437532826914235,1364.6551636550575,15.13434076249699,86.02199900738069,129.05628371068198,6379747.576886601,-1923.0743783489618,3888.82239946193,0.03516037836110438,-0.017270909374396966,1612.0599427372217,-4.539228792790509,-2.5825019103650515,-108.94010457569397
11.199999999999806,6379637.0,-1552.0000000000077,3000.0,0.02712465933012838,-0.013938574882878463,1500.898902577348,0.0,40.0,0.0,6379502.165341787,-1046.5049350948586,1430.4003942417446,0.012933317286823133,-0.009398901972078402,1365.4126184601337,15.134000548527244,86.02452153450419,129.06010511367214,6379747.31648041,-1923.1318218827153,3883.208130773075,0.035109618997244636,-0.01727142597310116,1611.7961111357436,-5.8768481024670205,0.28860154826660767,-115.62485682845389
11.249999999999805,6379637.0,-1550.0000000000077,3000.0,0.027124659332209654,-0.013920612802551148,1500.898416343145,0.0,40.0,0.0,6379502.922033215,-1042.2036475070793,1436.8534926705381,0.012991663012894995,-0.009360270007530749,1366.1700656544417,15.133656610399363,86.0269822611554,129.0638324643886,6379746.989220885,-1923.045108669531,3877.260518018143,0.03505584610444972,-0.017270648097667835,1611.4651837684214,-7.213285739504726,3.1836950393515586,-122.27360377931875
11.299999999999804,6379637.0,-1548.0000000000077,3000.0,0.027124659334288252,-0.013902650722221096,1500.8979307357222,0.0,40.0,0.0,6379503.678707452,-1037.9022368403764,1443.3067775306959,0.013050010410712317,-0.009321636946764312,1366.9275051532313,15.133312903607184,86.02944469070627,129.06756236716512,6379746.595178784,-1922.8130498601076,3870.981401089204,0.034999076315339384,-0.01726856507076221,1611.067233110778,-8.548074409498282,6.102354015465247,-128.8847624291246
11.349999999999802,6379637.0,-1546.000000000008,3000.0,0.027124659336364165,-0.013884688641888314,1500.8974457560107,0.0,40.0,0.0,6379504.435364421,-1033.600704560768,1449.7602465891096,0.013108359460083745,-0.009283002802945953,1367.68493687734,15.132965907039386,86.03184678074425,129.07120039965798,6379746.134448266,-1922.4344775569552,3864.3726987242394,0.03493932697509743,-0.017265166403067633,1610.6023551374674,-9.88074553772425,9.044165378503843,-135.45676203653093
11.399999999999801,6379637.0,-1544.000000000008,3000.0,0.027124659338437395,-0.0138667265615528,1500.896961402148,0.0,40.0,0.0,6379505.192004047,-1029.2990521336721,1456.2138976135668,0.013166710140826026,-0.009244367589237142,1368.4423607522622,15.132619147150352,86.03425058948314,129.07484100782304,6379745.607146942,-1921.9082441798366,3857.4364078823282,0.03487661613582583,-0.01726044178758571,1610.0706693883985,-11.210829694164202,12.008729914708773,-141.98804456161184
11.4499999999998,6379637.0,-1542.000000000008,3000.0,0.027124659340507937,-0.01384876448121456,1500.8964776759967,0.0,40.0,0.0,6379505.948626262,-1024.9972809890646,1462.6677284247744,0.013225062433234382,-0.009205731318481007,1369.1997767137364,15.132269503574687,86.03659548441127,129.0783918744641,6379745.013415908,-1921.2332217158123,3850.1746031008624,0.03481096255073661,-0.017254381092900298,1609.4723189892247,-12.537856884022872,14.995664492144455,-148.47706495851887
11.4999999999998,6379637.0,-1540.0000000000082,3000.0,0.0271246593425758,-0.013830802400873601,1500.8959945756942,0.0,40.0,0.0,6379506.705231001,-1020.6953925563541,1469.1217368442874,0.013283416317611728,-0.009167094003515579,1369.9571846919134,15.131920101886148,86.03894211285659,129.08194533891847,6379744.3534197705,-1920.4083008635725,3842.5894358412115,0.0347423856682398,-0.01724697435549214,1608.8074706858024,-13.86135673098509,18.004604102020092,-154.92229133133904
11.549999999999798,6379637.0,-1538.0000000000082,3000.0,0.027124659344640978,-0.013812840320529922,1500.895512103103,0.0,40.0,0.0,6379507.461818207,-1016.3933882303601,1475.5759207452918,0.013341771774727788,-0.009128455656868208,1370.7145846374333,15.131568195882664,86.04123121882192,129.08541113869643,6379743.627346664,-1919.4323900783688,3834.6831338303136,0.03467090562599467,-0.01723821177116095,1608.0763148507103,-15.1808585715593,21.03520380342006,-161.32220495711698
11.599999999999797,6379637.0,-1536.0000000000082,3000.0,0.027124659346703467,-0.013794878240183526,1500.8950302582234,0.0,40.0,0.0,6379508.2183878245,-1012.091269405364,1482.0302780017769,0.013400128785359565,-0.00908981629106141,1371.47197648976,15.131216536842802,86.04352207218946,129.0888795570378,6379742.835408261,-1918.3044145211018,3826.458000404021,0.03459654324497733,-0.017228083685586877,1607.2790654944256,-16.495891472955577,24.087140617105767,-167.67530017585182
11.649999999999796,6379637.0,-1534.0000000000082,3000.0,0.02712465934876328,-0.01377691615983442,1500.8945490391925,0.0,40.0,0.0,6379508.9749398045,-1007.7890374418889,1488.4848065381084,0.013458487330739557,-0.009051175918314489,1372.229360201396,15.130862727621627,86.04575676090042,129.09226233692326,6379741.977839789,-1917.0233149132994,3817.9164138598135,0.034519320023633074,-0.017216580584046823,1606.4159602802247,-17.805984182269853,27.160115403367737,-173.98008414199833
11.699999999999795,6379637.0,-1532.0000000000082,3000.0,0.027124659350820403,-0.013758954079482605,1500.894068447873,0.0,40.0,0.0,6379509.731474102,-1003.4866936999493,1494.9395042794126,0.013516847392107132,-0.009012534550842171,1372.9867357285693,15.130509170311516,86.04799321001832,129.09564775480757,6379741.054900049,-1915.588046297929,3809.060826825082,0.03443925813216978,-0.017203693080285187,1605.4872605437413,-19.11066501198974,30.253854752727033,-180.23507643060836
11.749999999999794,6379637.0,-1530.0000000000082,3000.0,0.027124659352874846,-0.013740991999128087,1500.8935884833336,0.0,40.0,0.0,6379510.487990675,-999.1842395066111,1501.3943691999661,0.01357520895114607,-0.008973892200563249,1373.744103028439,15.130153793144437,86.05017481963621,129.09894951107816,6379740.066871441,-1913.9975767049202,3799.893765649438,0.03435638040706885,-0.017189411904528894,1604.4932513078675,-20.40946166388684,33.368112913000886,-186.43880848754912
11.799999999999793,6379637.0,-1528.0000000000082,3000.0,0.027124659354926604,-0.013723029918770866,1500.8931091455743,0.0,40.0,0.0,6379511.2444894845,-994.8816761884585,1507.8493992747667,0.01363357198954667,-0.008935248879392182,1374.501462066546,15.129798672709628,86.05235820183375,129.1022539235403,6379739.014059999,-1912.2508857189046,3790.417829828139,0.034270710345877496,-0.017173727890624286,1603.4342413237318,-21.70190099192128,36.50267377393282,-192.5898229126231
11.849999999999792,6379637.0,-1526.0000000000084,3000.0,0.02712465935697568,-0.01370506783841095,1500.892630434595,0.0,40.0,0.0,6379512.0009705005,-990.5790050399174,1514.3045925267672,0.013691936489432822,-0.008896604598954588,1375.258812809363,15.129442040264902,86.05448803784124,129.10547660307122,6379737.896795441,-1910.3469629459732,3780.635691466357,0.034182272102370626,-0.01715663196226721,1602.3105631144717,-22.98750870283865,39.657352928076364,-198.68667256101082
11.89999999999979,6379637.0,-1524.0000000000084,3000.0,0.02712465935902207,-0.01368710575804834,1500.8921523513272,0.0,40.0,0.0,6379512.757433692,-986.2762273549575,1520.7599469796037,0.013750302432934614,-0.008857959370871984,1376.0161552270874,15.129085669250223,86.0566196578148,129.10870195581202,6379736.7154312385,-1908.284806375002,3770.550094792697,0.034091090482158054,-0.017138115118286203,1601.1225730422884,-24.26580899216,42.8319998264114,-204.72791944781363
11.94999999999979,6379637.0,-1522.0000000000084,3000.0,0.027124659361065777,-0.013669143677683038,1500.8916748948395,0.0,40.0,0.0,6379513.513879034,-981.9733443961609,1527.2154607037012,0.013808669802605172,-0.008819313206483971,1376.7734892964363,15.12872807287711,86.05869899386005,129.11184745732896,6379735.470344698,-1906.0634206285652,3760.1638557333595,0.03399719093884018,-0.01711816841693417,1599.8706513922662,-25.536324111703653,46.02650004624525,-210.71213343679804
11.999999999999789,6379637.0,-1520.0000000000084,3000.0,0.0271246593631068,-0.013651181597315048,1500.8911980660632,0.0,40.0,0.0,6379514.270306503,-977.6703574256774,1533.6711317701315,0.01386703858100348,-0.008780666117126261,1377.5308149913326,15.128370742511175,86.06078012451484,129.11499564796446,6379734.161937074,-1903.6818150971415,3749.479861557094,0.03390059957080387,-0.017096782959131925,1598.555202472955,-26.798573863933015,49.24077769004021,-216.63789069331833
12.049999999999788,6379637.0,-1518.0000000000084,3000.0,0.027124659365145142,-0.013633219516944376,1500.8907218631357,0.0,40.0,0.0,6379515.026716082,-973.3672676750205,1540.1269582956186,0.01392540875110129,-0.008742018113859402,1378.288132299669,15.12801245342791,86.06281020323463,129.11806582326508,6379732.790633702,-1901.13900194984,3738.501070604514,0.03380134311878105,-0.01707394987060276,1597.1766547560692,-28.05207501697855,52.47479793393383,-222.5037718770661
12.099999999999786,6379637.0,-1516.0000000000086,3000.0,0.027124659367180795,-0.013615257436571026,1500.8902462869883,0.0,40.0,0.0,6379515.783107753,-969.0640763752941,1546.5829383975001,0.013983780295875922,-0.008703369207740258,1379.045441199094,15.12765443481108,86.06484208650562,129.12113870254456,6379731.356884171,-1898.4339940133877,3727.2305121141967,0.033699448964282536,-0.017049660282823922,1595.7354610441253,-29.296340633269157,55.72856974676673,-228.30836004832207
12.149999999999785,6379637.0,-1514.0000000000086,3000.0,0.027124659369213766,-0.013597295356195,1500.8897713385522,0.0,40.0,0.0,6379516.539481505,-964.760784727699,1553.0390702376542,0.014042153198707394,-0.00866471940955711,1379.802741682157,15.127295705242766,86.06682412032606,129.12413535768488,6379729.861162525,-1895.565802510596,3715.671286161937,0.03359494512905495,-0.01702390531271598,1594.232098664157,-30.53087930302044,59.00214880141681,-234.05023825604974
12.199999999999784,6379637.0,-1512.0000000000086,3000.0,0.027124659371244052,-0.0135793332758163,1500.8892970168963,0.0,40.0,0.0,6379517.295837328,-960.4573939330473,1559.4953519785417,0.014100527442981025,-0.00862606873009474,1380.5600337386131,15.126937250484996,86.06880796797637,129.12713473067424,6379728.303967508,-1892.5334346477816,3703.826563728608,0.03348786027570035,-0.016996676040975746,1592.6670697228983,-31.755194272820933,62.295640603141,-239.72798677291996
12.249999999999783,6379637.0,-1510.0000000000086,3000.0,0.027124659373271656,-0.01356137119543493,1500.8888233220205,0.0,40.0,0.0,6379518.052175215,-956.1539051629627,1565.9517818260813,0.014158903012475037,-0.008587417179875777,1381.3173173628747,15.126578314797822,86.07074313988895,129.1300596271186,6379726.685822856,-1889.3358910399604,3691.6995869166453,0.03337822370963978,-0.016967963488952076,1591.0409013815224,-32.96878245748481,65.60920386145092,-245.3401799355343
12.299999999999782,6379637.0,-1508.0000000000086,3000.0,0.02712465937529658,-0.013543409115050893,1500.888350254856,0.0,40.0,0.0,6379518.808495164,-951.8503195887002,1572.4083579867424,0.01421727989097266,-0.008548764769419527,1382.0745925502852,15.126219658152866,86.07268013428396,129.13298725434694,6379725.007277641,-1885.972162960553,3679.293669334657,0.03326606538259668,-0.016937758593945643,1589.3541462067515,-34.17113332179266,68.94305413586656,-250.8853825430488
12.349999999999781,6379637.0,-1506.0000000000086,3000.0,0.027124659377318817,-0.013525447034664196,1500.8878778144717,0.0,40.0,0.0,6379519.564797172,-947.5466383530236,1578.8650787093973,0.014275658062640506,-0.008510111508989402,1382.8318593008444,15.125860733822579,86.0745695986072,129.13584211009464,6379723.268906673,-1882.4412294014546,3666.6121966750225,0.03315141589782528,-0.016906052182805456,1587.6073825657368,-35.36172761633664,72.29746778864771,-256.3621457584001
12.39999999999978,6379637.0,-1504.0000000000089,3000.0,0.027124659379338365,-0.013507484954274842,1500.8874060008675,0.0,40.0,0.0,6379520.321081242,-943.2428625983468,1585.3219422434408,0.014334037511649925,-0.008471457408845667,1383.5891176173463,15.125502092656408,86.07646089347429,129.13869970867825,6379721.471310974,-1878.7420539268053,3653.6586275094346,0.03303430651730927,-0.016872834943672525,1585.8012150991708,-36.54003594936959,75.67278628248792,-261.7690024486374
12.449999999999779,6379637.0,-1502.0000000000089,3000.0,0.027124659381355238,-0.013489522873882831,1500.8869348140433,0.0,40.0,0.0,6379521.077347377,-938.9389934392723,1591.7789468796386,0.014392418222546319,-0.008432802478998792,1384.3463675016537,15.125143381256457,86.07830577659153,129.14148619935415,6379719.615118322,-1874.8735813025935,3640.4364943337764,0.03291476917121478,-0.016838097395710162,1583.9362752707675,-37.705517173405546,79.06942086504344,-267.1044618887077
12.499999999999778,6379637.0,-1500.0000000000089,3000.0,0.027124659383369422,-0.013471560793488168,1500.8864642549306,0.0,40.0,0.0,6379521.833595585,-934.6350319900703,1598.2360909092522,0.014450800179879581,-0.008394146729456263,1385.1036089649424,15.124784957035395,86.08015249775595,129.1442754440843,6379717.700983885,-1870.8347338811423,3626.9494048947436,0.0327928364698905,-0.016801829856632724,1582.0132219800726,-38.85761656198288,82.48785768835413,-272.3670037414835
12.549999999999777,6379637.0,-1498.0000000000089,3000.0,0.027124659385380924,-0.013453598713090858,1500.8859943216667,0.0,40.0,0.0,6379522.589825873,-930.330979337862,1604.6933726639077,0.014509183368564573,-0.008355490169981718,1385.860842011869,15.124426645175385,86.08195389883355,129.14699520399947,6379715.729590946,-1866.6244077178794,3613.2010438385123,0.0326685417187794,-0.01676402240782982,1580.032742303796,-39.9957637476698,85.92866341650804,-277.55507121001233
12.599999999999776,6379637.0,-1496.0000000000089,3000.0,0.02712465938738974,-0.013435636632690902,1500.8855250161141,0.0,40.0,0.0,6379523.346038254,-926.0268365694535,1611.1507904757018,0.014567567773520411,-0.008316832810335966,1386.618066658266,15.1240686244045,86.08375714493484,129.1497177284003,6379713.70165175,-1862.2414683940005,3599.195174724178,0.03254191893662809,-0.016724664856848908,1577.9955523377284,-41.11937038773908,89.3924913826816,-282.6670632406735
12.649999999999775,6379637.0,-1494.000000000009,3000.0,0.027124659389395872,-0.01341767455228831,1500.8850563373417,0.0,40.0,0.0,6379524.10223274,-921.722604745148,1617.6083427161143,0.014625953380022306,-0.008278174660041781,1387.3752829134464,15.12371088454948,86.08551613662563,129.15237235158946,6379711.617908462,-1857.6847465163912,3584.935642454599,0.032413002877470065,-0.01668374669697915,1575.9023981364444,-42.22782751783353,92.88008836371625,-287.701325632153
12.699999999999774,6379637.0,-1492.000000000009,3000.0,0.027124659391399325,-0.013399712471883075,1500.8845882853493,0.0,40.0,0.0,6379524.858409347,-917.4182849249496,1624.0660277570714,0.014684340173349505,-0.008239515728619234,1388.132490796037,15.123353439591837,86.08727697981958,129.15502974895327,6379709.479134273,-1852.953032861493,3570.42637618182,0.0322818290568991,-0.016641257063637175,1573.754056843929,-43.3205025470858,96.39230205011651,-292.6561408792443
12.749999999999773,6379637.0,-1490.000000000009,3000.0,0.02712465939340009,-0.013381750391475208,1500.8841208610684,0.0,40.0,0.0,6379525.614568093,-913.1138781429893,1630.5238440089245,0.014742728139128684,-0.00820085602535603,1388.8896903237328,15.122996430947895,86.08899460894213,129.1576207901753,6379707.286134665,-1848.0450731267638,3555.6713927570568,0.0321484337832662,-0.01659718468722833,1571.5513379340991,-44.396735839532816,99.93008929843357,-297.52971654611673
12.799999999999772,6379637.0,-1488.000000000009,3000.0,0.02712465939539817,-0.01336378831106471,1500.8836540635675,0.0,40.0,0.0,6379526.370708995,-908.8093854331139,1636.981789882449,0.014801117262990365,-0.008162195559537308,1389.6468815132976,15.122639720910117,86.0907140955783,129.16021461456032,6379705.039748858,-1842.959562247607,3540.6748008029217,0.03201285419450174,-0.01655151784210502,1569.2950846664608,-45.4558368167361,103.49452526492473,-302.32017192460313
12.84999999999977,6379637.0,-1486.000000000009,3000.0,0.027124659397393572,-0.013345826230651586,1500.8831878928468,0.0,40.0,0.0,6379527.126832075,-904.5048078039118,1643.43986382591,0.014859507530904028,-0.008123534340221351,1390.404064389877,15.122283590144667,86.09239138378513,129.1627435902812,6379702.740851469,-1837.6951382336065,3525.4408055026233,0.03187512830141955,-0.01650424429120743,1566.986175749451,-46.49707950390222,107.08681353067128,-307.0255226823594
12.89999999999977,6379637.0,-1484.000000000009,3000.0,0.027124659399386283,-0.01332786415023584,1500.882722348906,0.0,40.0,0.0,6379527.882937358,-900.2001462637013,1649.8980642879758,0.014917898928842809,-0.008084872376464013,1391.161238973029,15.121927761597163,86.0940705350737,129.16527535749265,6379700.390354402,-1832.2503754708168,3509.973714213382,0.03173529503847251,-0.016455351225908407,1564.6255272133276,-47.519697427168815,110.70829734240888,-311.6436631461653
12.949999999999768,6379637.0,-1482.000000000009,3000.0,0.027124659401376316,-0.013309902069817471,1500.8822574317455,0.0,40.0,0.0,6379528.639024867,-895.8954017961408,1656.3563897538916,0.014976291443110563,-0.008046209677099663,1391.918405290693,15.121572643648872,86.09570847949546,129.16774374683163,6379697.989209021,-1826.6237774315953,3494.2779430346577,0.03159339432314008,-0.016404825200536804,1562.2140945959836,-48.52287775111544,114.36047210640797,-316.1723457892954
12.999999999999767,6379637.0,-1480.0000000000093,3000.0,0.027124659403363664,-0.01329193998939649,1500.8817931432277,0.0,40.0,0.0,6379529.395094628,-891.5905753846322,1662.814838709286,0.01503468506001461,-0.008007546250960364,1392.675563370809,15.121217831435732,86.09734829214987,129.17021493536544,6379695.5384086305,-1820.8137687248916,3478.3580244816903,0.03144946712530868,-0.016352652060976813,1559.7528754249215,-49.505754523679386,118.04499928794817,-320.6091573999124
13.049999999999766,6379637.0,-1478.0000000000093,3000.0,0.027124659405348327,-0.013273977908972893,1500.8813294805586,0.0,40.0,0.0,6379530.151146669,-887.2856679885015,1669.2734096754734,0.015093079766184944,-0.007968882106661941,1393.4327132357284,15.120863850136113,86.09894786603098,129.17262418102732,6379693.038991321,-1814.8186864133345,3462.218616447796,0.03130355554830312,-0.01629881686668154,1557.242912048474,-50.46740086798665,121.76372188183375,-324.9514912901688
13.099999999999765,6379637.0,-1476.0000000000095,3000.0,0.027124659407330307,-0.01325601582854669,1500.8808664446697,0.0,40.0,0.0,6379530.907181018,-882.9806805668303,1675.7321011741342,0.015151475548254852,-0.007930217252818023,1394.1898549161851,15.120510177996652,86.10054931290236,129.17503623300078,6379690.492043237,-1808.6367705134198,3445.8645126703113,0.031155702923511986,-0.016243303805349087,1554.6852949177846,-51.406819927271606,125.5186816322883,-329.1965147616623
13.149999999999764,6379637.0,-1474.0000000000095,3000.0,0.027124659409309602,-0.013238053748117878,1500.880404036492,0.0,40.0,0.0,6379531.663197707,-878.6756140551945,1682.1909117617636,0.015209872393172421,-0.007891551697831118,1394.9469884475693,15.120157446758306,86.10211146621528,129.17738774217494,6379687.898702336,-1802.2661535874684,3429.300654962813,0.031005953920981277,-0.016186096099440665,1552.0811663437635,-52.32293432742177,129.3121381874816,-333.34113085925657
13.199999999999763,6379637.0,-1472.0000000000095,3000.0,0.027124659411286216,-0.013220091667686465,1500.8799422541633,0.0,40.0,0.0,6379532.419196769,-874.3704693889368,1688.6498399952063,0.015268270287888895,-0.007852885450101635,1395.704113858752,15.119805028015254,86.10367549690532,129.1797420642236,6379685.260162708,-1795.7048493251682,3412.5321475259993,0.0308543546788004,-0.016127175903622934,1549.4317248119041,-53.21457387059019,133.1465903750895,-337.3819332161826
13.249999999999762,6379637.0,-1470.0000000000095,3000.0,0.027124659413260144,-0.013202129587252453,1500.8794810986146,0.0,40.0,0.0,6379533.175178234,-870.0652474804496,1695.1088844652731,0.015326669219662636,-0.007814218517823868,1396.4612311832607,15.119453650470948,86.10520115694992,129.18203720946,6379682.577679576,-1788.9507400050552,3395.564273720743,0.03070095295474794,-0.01606652419214954,1546.7382299983874,-54.08046110971685,137.02479977118514,-341.31515250048693
13.299999999999761,6379637.0,-1468.0000000000095,3000.0,0.02712465941523139,-0.013184167506815846,1500.8790205707774,0.0,40.0,0.0,6379533.931142138,-865.7599492419029,1701.5680437631074,0.015385069175755009,-0.0077755509091900965,1397.218340454623,15.119102588669488,86.1067286984092,129.18433517361188,6379679.852575065,-1782.0015627167845,3378.402515765905,0.030545798304379056,-0.01600412063511155,1544.002008526586,-54.91919437507279,140.94981670048196,-345.13659260296964
13.34999999999976,6379637.0,-1466.0000000000095,3000.0,0.027124659417199947,-0.013166205426376648,1500.8785606715828,0.0,40.0,0.0,6379534.6870885175,-861.4545755630573,1708.0273165129906,0.015443470143727009,-0.00773688263219134,1397.9754417100921,15.11875265923901,86.10821877039939,129.18657529367638,6379677.0862449035,-1774.8548942214586,3361.052577932275,0.0303889422907203,-0.01593994346245424,1541.2244606958702,-55.72922772628974,144.92500873377656,-348.84155423211683
13.399999999999759,6379637.0,-1464.0000000000095,3000.0,0.027124659419165826,-0.013148243345934861,1500.8781013973057,0.0,40.0,0.0,6379535.443017408,-857.1491273334622,1714.486701339522,0.015501872111142498,-0.00769821369481671,1398.732534987852,15.118403048713573,86.10971072751272,129.18881823820578,6379674.280166215,-1767.508134325142,3343.520413930812,0.030230438731883767,-0.015873969314638407,1538.4070682544261,-56.50884718233565,148.95409162103547,-352.4247429764742
13.449999999999758,6379637.0,-1462.0000000000095,3000.0,0.027124659421129016,-0.013130281265490491,1500.87764275074,0.0,40.0,0.0,6379536.19892885,-852.8436054207848,1720.9461968996293,0.015560275065857663,-0.007659544104858793,1399.4896203270182,15.118054653214255,86.11116609514436,129.1910046389064,6379671.4359066095,-1759.9584876506212,3325.8122593635244,0.030070343994451066,-0.01580617307891347,1535.5514035169035,-57.25614243238186,153.04116237865793,-355.88015811654765
13.499999999999757,6379637.0,-1460.0000000000098,3000.0,0.027124659423089528,-0.013112319185043542,1500.8771847309545,0.0,40.0,0.0,6379536.954822879,-848.5380106924905,1727.405801850544,0.01561867899573142,-0.007620873870108355,1400.246697762981,15.117706579699012,86.1126233512976,129.1931938691581,6379668.555134814,-1752.2029437129775,3307.9346703105844,0.029908717342333226,-0.015736527710353762,1532.6591400019825,-57.96897304768808,157.19073388956892,-359.2009574717378
13.549999999999756,6379637.0,-1458.0000000000098,3000.0,0.027124659425047354,-0.013094357104594013,1500.876727337949,0.0,40.0,0.0,6379537.710699538,-844.2323439946775,1733.8655148810371,0.01567708388890787,-0.0075822029981642575,1401.003767340444,15.117359795768301,86.11404487731099,129.19532782416184,6379665.63963317,-1744.238255252038,3289.8945693983596,0.029745621353263633,-0.015665004037235915,1529.732064941898,-58.64492799273876,161.40776979053194,-362.37929228826937
13.599999999999755,6379637.0,-1456.0000000000098,3000.0,0.027124659427002495,-0.01307639502414191,1500.876270572655,0.0,40.0,0.0,6379538.466558864,-839.9266061732508,1740.3253346801691,0.015735489733533718,-0.007543531496623623,1401.760829093866,15.117013336819674,86.11546829495268,129.19746461336698,6379662.691312336,-1736.0609148555898,3271.699301027244,0.029581122418102436,-0.015591570551060863,1526.7720940029249,-59.28127697114957,165.6977174916928,-365.4061045432134
13.649999999999753,6379637.0,-1454.00000000001,3000.0,0.027124659428954954,-0.01305843294368724,1500.875814434141,0.0,40.0,0.0,6379539.2222860195,-835.6207917762406,1746.7852693693123,0.0157938966033261,-0.00750485931665638,1402.5177681902424,15.112072933619055,86.1171092303539,129.19992541105518,6379659.712228678,-1727.6671300512014,3253.3566978739445,0.029415291342070736,-0.015516193182816858,1523.7812886983156,-59.87491184080658,170.06653569978312,-368.27087697438776
13.699999999999752,6379637.0,-1452.00000000001,3000.0,0.027124659430904727,-0.01304047086323,1500.8753589214757,0.0,40.0,0.0,6379539.977766161,-831.3148950858437,1753.2453274669663,0.015852304575597023,-0.007466186407042199,1403.274469787255,15.107132765693283,86.1187600291664,129.20240095191173,6379656.704604871,-1719.0527972775674,3234.875161324638,0.029248204071931024,-0.015438835069172919,1520.761877018027,-60.422276010624344,174.520710499747,-370.9613235770093
13.749999999999751,6379637.0,-1450.00000000001,3000.0,0.027124659432851816,-0.013022508782770196,1500.874904036522,0.0,40.0,0.0,6379540.732864149,-827.0089091339385,1759.7055193638782,0.015910713744641963,-0.007427512705352297,1404.0307987472042,15.096786775534573,86.12068122246768,129.20527966948026,6379653.670854383,-1710.2134755301222,3216.2637591888906,0.029079942579399953,-0.015359456315739133,1517.7162779541686,-60.9192794299296,179.06725041454496,-373.4630051993398
13.79999999999975,6379637.0,-1448.00000000001,3000.0,0.027124659434796222,-0.013004546702307834,1500.8744497792795,0.0,40.0,0.0,6379541.487444839,-822.7028266461956,1766.165855908194,0.015969124208896995,-0.0073888381464045395,1404.786619930528,15.086440879736518,86.12262146096886,129.20818684553086,6379650.613610629,-1701.1443610842648,3197.5323448953236,0.028910595938774476,-0.015278013769995862,1514.6471306867898,-61.36119659891903,183.71364518868037,-375.75885130642297
13.84999999999975,6379637.0,-1446.00000000001,3000.0,0.027124659436737947,-0.012986584621842915,1500.873996147886,0.0,40.0,0.0,6379542.241379947,-818.3966405767414,1772.6263476052936,0.016027536063686586,-0.0073501626670574435,1405.5418050540611,15.070963408585095,86.12482591235008,129.21148790387244,6379647.535761694,-1691.8402656696953,3178.6917034141907,0.028740261646193116,-0.015194460825206898,1511.5573293827474,-61.742545158465646,188.46776422140937,-377.8285653123146
13.899999999999748,6379637.0,-1444.00000000001,3000.0,0.027124659438676986,-0.012968622541375444,1500.8735431442037,0.0,40.0,0.0,6379542.994541179,-814.0903435956079,1779.0870053848798,0.01608594940817653,-0.007311486201614954,1406.2962258271873,15.05548585994479,86.12705792602837,129.21483014181908,6379644.440491653,-1682.2956019872697,3159.7537303542013,0.02856904723882355,-0.015108747290263869,1508.4500645715743,-62.056943444079046,193.33765698731213,-379.64788804531906
13.949999999999747,6379637.0,-1442.00000000001,3000.0,0.027124659440613343,-0.012950660460905422,1500.8730907673016,0.0,40.0,0.0,6379543.746806856,-809.7839286133609,1785.5478398157513,0.01614436433825724,-0.007272808686530667,1407.0497605726123,15.035141148896171,86.12954727563381,129.21855592476032,6379641.331329531,-1672.5043828279422,3140.731651973292,0.028397072283952683,-0.015020819381678045,1505.328872221522,-62.296947626578095,198.3311971326413,-381.18769403095
13.999999999999746,6379637.0,-1440.0000000000102,3000.0,0.027124659442547012,-0.012932698380432857,1500.8726390190423,0.0,40.0,0.0,6379544.49805529,-805.4773882770505,1792.0088618602538,0.016202780953381957,-0.007234130055888594,1407.8022876065224,15.014796159998468,86.1320720860228,129.22233468326033,6379638.21220682,-1662.4602436855462,3121.640294958461,0.02822447081804194,-0.014930619926557236,1502.197691355832,-62.453874008253294,203.45548132956054,-382.41290280289695
14.049999999999745,6379637.0,-1438.0000000000102,3000.0,0.027124659444478,-0.012914736299957747,1500.8721878957003,0.0,40.0,0.0,6379545.248171169,-801.1707154842989,1798.47008210475,0.016261199349592456,-0.007195450246013059,1408.5536916190758,14.989838892429797,86.13484675646315,129.22648575108553,6379635.08752395,-1652.1565042337509,3102.496415222732,0.028051394319365566,-0.014838088914610614,1499.0609307028353,-62.51762193818152,208.71585055715707,-383.28121112136995
14.099999999999744,6379637.0,-1436.0000000000102,3000.0,0.027124659446406303,-0.012896774219480102,1500.8717374000698,0.0,40.0,0.0,6379545.997039172,-796.8639028883673,1804.9315115005058,0.016319619626234096,-0.007156769191030983,1409.3038572939113,14.964881120740236,86.13766421026966,129.23070072921726,6379631.962224938,-1641.586292020857,3083.3190934437716,0.027878015284080408,-0.014743164608926355,1495.9235435249284,-62.476531265625354,214.11434485252192,-383.74170790747974
14.149999999999743,6379637.0,-1434.0000000000105,3000.0,0.027124659448331923,-0.012878812138999923,1500.8712875312194,0.0,40.0,0.0,6379546.74455012,-792.5569434012712,1811.3931606105054,0.016378041879129838,-0.007118086827383581,1410.0526754530147,14.935556721121593,86.14072353723988,129.2352760143784,6379628.841877008,-1630.7427627418283,3064.130199407477,0.02770453142439958,-0.014645785524116564,1492.791107499972,-62.31734038301495,219.64734114077768,-383.73354908472396
14.199999999999742,6379637.0,-1432.0000000000105,3000.0,0.027124659450254857,-0.012860850058517208,1500.870838289149,0.0,40.0,0.0,6379547.490594831,-788.2498297085023,1817.8550403359668,0.016436466207164848,-0.007079403089475004,1410.8000369202346,14.906231567903355,86.14383243383175,129.23992534265855,6379625.732747456,-1619.6194650503428,3044.954913485099,0.027531170383377636,-0.014545893702607844,1489.6699018832296,-62.0253620152181,225.30208909875287,-383.18508360769346
14.24999999999974,6379637.0,-1430.0000000000105,3000.0,0.02712465945217511,-0.012842887978031967,1500.8703896747902,0.0,40.0,0.0,6379548.235070037,-783.9425547608034,1824.3171611800537,0.016494892705613797,-0.007040717914082525,1411.5458384267986,14.872776492038929,86.14717478575055,129.24492232902747,6379622.641862509,-1608.2109109883254,3025.8222658254404,0.027358194609967773,-0.014443439837657309,1486.5669667180628,-61.58506377620968,231.05193302531862,-382.0141730524094
14.29999999999974,6379637.0,-1428.0000000000105,3000.0,0.027124659454092682,-0.012824925897544201,1500.86994168628,0.0,40.0,0.0,6379548.977872463,-779.6351112990095,1830.7795339593226,0.016553321472588728,-0.007002031236095722,1412.289976705797,14.839320392642488,86.1505729938935,129.25000274431235,6379619.577021768,-1596.5134166745388,3006.765605204468,0.02718590559827914,-0.014338390823708306,1483.4901176514104,-60.98130827834533,236.8503494188666,-380.1309191164498
14.349999999999739,6379637.0,-1426.0000000000105,3000.0,0.027124659456007564,-0.012806963817053915,1500.8694943254814,0.0,40.0,0.0,6379549.718904538,-775.3274923341772,1837.2421690847907,0.016611752602523764,-0.00696334299282238,1413.0323541872203,14.801962409628057,86.15419588138165,129.25541763120168,6379616.546728673,-1584.5262528876415,2987.8228378390286,0.027014646047309646,-0.014230740090145307,1480.4478767178953,-60.20150435753905,242.62476732592063,-377.44440494929836
14.399999999999737,6379637.0,-1424.0000000000105,3000.0,0.027124659457919767,-0.01278900173656111,1500.8690475914627,0.0,40.0,0.0,6379550.458068683,-771.0196906829384,1843.705077257723,0.01667018619248091,-0.006924653119821793,1413.772873292677,14.764603115450056,86.15788044602618,129.26092463667348,6379613.559988932,-1572.2530630559024,2969.0361983668126,0.026844797791261903,-0.014120520336965994,1477.449270918034,-59.23870989996889,248.27256932544384,-373.87479586944823
14.449999999999736,6379637.0,-1422.0000000000105,3000.0,0.02712465945982928,-0.012771039656065793,1500.8686014851555,0.0,40.0,0.0,6379551.195272807,-766.711699435737,1850.1682687684295,0.016728622335795532,-0.00688596155510414,1414.5114419395104,14.723561581391275,86.16178062199728,129.266752488784,6379610.625939337,-1559.703347115305,2950.4512853524243,0.02667677308066718,-0.014007816862410635,1474.5034608636051,-58.09516822105252,253.66314198126517,-369.3703322557353
14.499999999999735,6379637.0,-1420.0000000000105,3000.0,0.027124659461736117,-0.012753077575567963,1500.868156004697,0.0,40.0,0.0,6379551.930424814,-762.4035115030267,1856.6317541758929,0.016787061128235616,-0.006847268235060875,1415.2479680320248,14.682518433555808,86.16574786187496,129.27268050015917,6379607.753315079,-1546.8936100287801,2932.1152036148806,0.026510997788328203,-0.01389277787923083,1471.619207396172,-56.784964789687216,258.6496392953163,-363.9250492258509
14.549999999999734,6379637.0,-1418.0000000000105,3000.0,0.027124659463640267,-0.01273511549506763,1500.86771115195,0.0,40.0,0.0,6379552.663437896,-758.0951200714175,1863.0955436245918,0.016845502661810632,-0.006808573098555804,1415.9823647653684,14.638004557366507,86.16992141294432,129.2789153845122,6379604.949842467,-1533.8476705266444,2914.0739622829637,0.026347887886019827,-0.013775617288953927,1468.8042631139979,-55.334107526939384,263.090281240389,-357.58945470875267
14.599999999999733,6379637.0,-1416.0000000000107,3000.0,0.027124659465541736,-0.012717153414564794,1500.8672669259831,0.0,40.0,0.0,6379553.394225238,-753.7865181609912,1869.5596475075583,0.016903947030780592,-0.0067698760829550475,1416.714545330964,14.593488752455517,86.17416700966477,129.28525786350824,6379602.221713096,-1520.5957941818106,2896.369672297922,0.026187824107372405,-0.013656606897141974,1466.0648450050503,-53.77719553334322,266.87254992751815,-350.467158641232
14.649999999999732,6379637.0,-1414.0000000000107,3000.0,0.027124659467440512,-0.012699191334059456,1500.8668233277276,0.0,40.0,0.0,6379554.122705112,-749.477699069209,1876.0240758014536,0.016962394325630337,-0.006731177128108454,1417.4444280024618,14.545705853619818,86.1786094395553,129.29189297437978,6379599.573291184,-1507.172759973125,2879.0382839623217,0.026031131492539113,-0.013536059049613601,1463.4053402962163,-52.151746137669576,269.9301140192613,-342.69735672291216
14.699999999999731,6379637.0,-1412.000000000011,3000.0,0.027124659469336614,-0.012681229253551623,1500.8663803562522,0.0,40.0,0.0,6379554.848795785,-745.1686559395654,1882.4888387127196,0.017020844638925337,-0.006692476172481129,1418.1719310497865,14.497920701342856,86.18312851887052,129.29864255044,6379597.007113097,-1493.6154108980634,2862.1083995025324,0.025878068651441877,-0.013414304634151655,1460.8283049194142,-50.492582829902936,272.2461604512606,-334.4309827435147
14.74999999999973,6379637.0,-1410.000000000011,3000.0,0.027124659471230026,-0.012663267173041295,1500.8659380115569,0.0,40.0,0.0,6379555.572420425,-740.859382193148,1888.9539460310716,0.017079298059452894,-0.0066537731570242105,1418.8969776462764,14.447064460070669,86.18783482441962,129.30567032320215,6379594.524122023,-1479.9603576492177,2845.6012273614424,0.025728827349140684,-0.013291672456332934,1458.334697715938,-48.82824007337267,273.8447648928058,-325.8101913392046
14.799999999999729,6379637.0,-1408.000000000011,3000.0,0.027124659473120757,-0.01264530509252848,1500.8654962936416,0.0,40.0,0.0,6379556.293502188,-736.5498711088056,1895.419407758483,0.017137754677922327,-0.006615068021409535,1419.6194909512997,14.396205633309089,86.19262203024755,129.312818904364,6379592.124019893,-1466.2422776068606,2829.531358385844,0.02558353952204351,-0.013168473961681196,1455.9242324260995,-47.17981998707831,274.77684978778893,-316.95633325457834
14.849999999999728,6379637.0,-1406.000000000011,3000.0,0.027124659475008805,-0.01262734301201318,1500.8650552025065,0.0,40.0,0.0,6379557.011968949,-732.2401162422917,1901.8852334811963,0.01719621458127406,-0.006576360707789159,1420.3393988413736,14.342464333076245,86.1975867705985,129.32023111910763,6379589.805629046,-1452.4929189447932,2813.9079294325375,0.025442287797058715,-0.013044994290502274,1453.5957397595048,-45.56158778449195,275.106755561609,-307.9661240562888
14.899999999999727,6379637.0,-1404.000000000011,3000.0,0.027124659476894165,-0.012609380931495395,1500.8646147381514,0.0,40.0,0.0,6379557.727748572,-727.9301110180755,1908.351432981347,0.017254677858222354,-0.0065376511571343335,1421.05662918929,14.288720110297833,86.20263633237792,129.32776999287344,6379587.567201224,-1438.740693311861,2798.735834159433,0.025305116437679187,-0.01292148861891421,1451.3474769238383,-43.98234407659421,274.9023435030122,-298.9130637859763
14.949999999999726,6379637.0,-1402.000000000011,3000.0,0.02712465947877685,-0.012591418850975132,1500.8641749005765,0.0,40.0,0.0,6379558.44077346,-723.6198491360348,1914.8180156275444,0.017313144593732763,-0.006498939312883443,1421.7711143959314,14.232274873138815,86.20785369187887,129.3355578685963,6379585.406653553,-1425.0106651225494,2784.0167948537887,0.025172041033985633,-0.012798182062048984,1449.1773641789332,-42.44689612093732,274.22894461952455,-289.8511829806674
14.999999999999725,6379637.0,-1400.000000000011,3000.0,0.027124659480656843,-0.012573456770452397,1500.863735690713,0.0,40.0,0.0,6379559.150976005,-719.3093241750015,1921.284990968997,0.01737161487440621,-0.006460225117386133,1422.4827868612483,14.175826373554793,86.21315948576861,129.34347779357373,6379583.321735776,-1411.3247646437105,2769.7502304346253,0.02504305635006489,-0.012675271587363946,1447.0831525661051,-40.95730820226645,273.14628528491926,-280.81923809215056
15.049999999999724,6379637.0,-1398.000000000011,3000.0,0.027124659482534154,-0.012555494689927189,1500.8632971076295,0.0,40.0,0.0,6379559.858292963,-714.9985299870034,1927.7523681446671,0.017430088783124822,-0.006421508515439642,1423.1915833437815,14.116851388243516,86.21862333107664,129.35163207367918,6379581.310142521,-1397.7021028328531,2755.933923679415,0.02491814235634769,-0.012552928841934298,1445.0625365963206,-39.51384824487019,271.7073351905452,-271.84446444208163
15.099999999999723,6379637.0,-1396.000000000011,3000.0,0.027124659484408783,-0.012537532609399512,1500.8628591531888,0.0,40.0,0.0,6379560.5626610825,-710.687460312596,1934.2201564598163,0.017488566404276637,-0.006382789450838557,1423.8974405955523,14.057872799846791,86.22417893548663,129.35992336272292,6379579.369585384,-1384.1593138099158,2742.5645185644066,0.024797268726082518,-0.012431303228028032,1443.1132266735658,-38.11565813854809,269.95824435041953,-262.94560426799245
15.149999999999721,6379637.0,-1394.0000000000111,3000.0,0.027124659486280726,-0.012519570528869374,1500.8624218236655,0.0,40.0,0.0,6379561.264021307,-706.3761091626814,1940.6883648136936,0.01754704781856938,-0.0063440678697997905,1424.6002995641902,13.99653554303717,86.22988286734207,129.36843439252635,6379577.497837108,-1370.7108852700162,2729.637884422215,0.024680398127747128,-0.01231052487045036,1441.2329935356975,-36.76120894621107,267.9388212318389,-254.1352199651669
15.19999999999972,6379637.0,-1392.0000000000111,3000.0,0.027124659488149988,-0.012501608448336771,1500.8619851218536,0.0,40.0,0.0,6379561.96231457,-702.0644704456481,1947.157002258467,0.01760553310809558,-0.006305343717618164,1425.3001011880115,13.935194343596361,86.23568161325271,129.37708698806412,6379575.692757102,-1357.3694585768349,2717.1493799354635,0.02456748861189792,-0.012190707311636448,1439.4196939906105,-35.44860128552071,265.68322979335875,-245.4214090778431
15.24999999999972,6379637.0,-1390.0000000000114,3000.0,0.027124659490016564,-0.012483646367801715,1500.861549046822,0.0,40.0,0.0,6379562.657485843,-697.7525383368201,1953.6260774453667,0.01766402235131354,-0.006266616941980501,1425.9967904398218,13.871655794368634,86.24161901333694,129.38594478492635,6379573.952304773,-1344.1460923884529,2705.094043493994,0.024458495332278982,-0.012071949879258593,1437.6712843906134,-34.175759115057105,263.2207319849656,-236.80905558581026
15.299999999999718,6379637.0,-1388.0000000000114,3000.0,0.027124659491880455,-0.012465684287264201,1500.8611135995016,0.0,40.0,0.0,6379563.34948008,-693.4403069173956,1960.0955991660162,0.017722515627952993,-0.006227887489726957,1426.690312281251,13.80811296582627,86.24765402981123,129.3949483270761,6379572.27454507,-1331.0504899213363,2693.4667300450524,0.024353371783173355,-0.011954339727285717,1435.9858263218775,-32.94055205363794,260.5763909691758,-228.30073589688433
15.349999999999717,6379637.0,-1386.0000000000114,3000.0,0.027124659493741664,-0.01244772220672424,1500.86067877803,0.0,40.0,0.0,6379564.038246118,-689.1277705316036,1966.5655758169146,0.01778101301416222,-0.006189155310054927,1427.3806155528873,13.74252781355388,86.25381810309726,129.40414264377625,6379570.657649169,-1318.0911928442163,2682.262209262881,0.024252070687038337,-0.011837953577356744,1434.3614873643965,-31.740870587053223,257.7716996687827,-219.89737312507543
15.399999999999716,6379637.0,-1384.0000000000114,3000.0,0.02712465949560019,-0.01242976012618183,1500.8602445842698,0.0,40.0,0.0,6379564.723732785,-684.814923437407,1973.0360159232187,0.01783951458725467,-0.0061504203513858095,1428.0676490822807,13.67693804974548,86.2600823583875,129.41348653185528,6379569.099892218,-1305.2757458442197,2671.475235782326,0.024154544629565046,-0.011722859196767483,1432.7965389285237,-30.57467058551398,254.82512504405258,-211.5987097919898
15.449999999999715,6379637.0,-1382.0000000000114,3000.0,0.027124659497456034,-0.012411798045636975,1500.8598110172898,0.0,40.0,0.0,6379565.405892629,-680.5017601514636,1979.506927621418,0.017898020421020948,-0.006111682564459588,1428.7513654269278,13.609454895838352,86.26646617133144,129.42300691372603,6379567.599649388,-1292.6108360405005,2661.1005992322457,0.024060746512100883,-0.01160911665056599,1431.289352352731,-29.439998033392193,251.75257100317143,-203.40365008461166
15.499999999999714,6379637.0,-1380.0000000000114,3000.0,0.02712465949930919,-0.012393835965089682,1500.8593780770898,0.0,40.0,0.0,6379566.084678192,-676.1882751115343,1985.9783191656604,0.017956530590317255,-0.006072941899306528,1429.4317171294242,13.541966804089903,86.27295250992083,129.43268036166333,6379566.155391028,-1280.102411118001,2651.1331596212826,0.023970629871635667,-0.011496779362534591,1429.838394107297,-28.335001140081452,248.5677681743429,-195.3105084176425
15.549999999999713,6379637.0,-1378.0000000000114,3000.0,0.02712465950115966,-0.012375873884539956,1500.8589457646012,0.0,40.0,0.0,6379566.760045593,-671.8744630093656,1992.4501984284414,0.018015045166540573,-0.00603419830823345,1430.108660314232,13.472728357378271,86.2795490248551,129.4425161980272,6379564.7656774195,-1267.7557795956916,2641.5678720707683,0.02388414910446868,-0.011385895015721724,1428.4422205854207,-27.257934519907543,245.2826003995037,-187.3171905477596
15.599999999999712,6379637.0,-1376.0000000000116,3000.0,0.027124659503007454,-0.012357911803987796,1500.8585140779614,0.0,40.0,0.0,6379567.431950941,-667.5603184647202,1998.9225733895946,0.01807356422206004,-0.005995451742899634,1430.7821510927752,13.40348465374745,86.28625020078888,129.45250828420882,6379563.429153462,-1255.5756961459151,2632.3998037724004,0.02380125961957371,-0.011276506318717126,1427.0994728114456,-26.20715849326071,241.90737765312775,-179.4213259549614
15.64999999999971,6379637.0,-1374.0000000000116,3000.0,0.02712465950485256,-0.012339949723433205,1500.858083019033,0.0,40.0,0.0,6379568.100353778,-663.2458363463168,2005.395451654798,0.018132087825853578,-0.005956702157196004,1431.4521490158513,13.332627920140569,86.2930523068102,129.4626488545561,6379562.144543464,-1243.5664344216466,2623.6241452567588,0.023721917940523002,-0.011168651659734609,1425.8088712627068,-25.18113548804379,238.45106416231238,-171.62036485942494
15.69999999999971,6379637.0,-1372.0000000000116,3000.0,0.02712465950669498,-0.012321987642876188,1500.8576525878161,0.0,40.0,0.0,6379568.76521364,-658.931011457381,2011.8688409273786,0.018190616047783537,-0.005917949504424318,1432.1186136174947,13.261765618937215,86.29996101360237,129.47294856653292,6379560.910646172,-1231.7318494349615,2615.236217487254,0.023646081769664064,-0.011062365666853027,1424.5692108962685,-24.1784248175654,234.92146932072504,-163.91164945178235
15.749999999999709,6379637.0,-1370.0000000000116,3000.0,0.02712465950853472,-0.012304025562316752,1500.857222782448,0.0,40.0,0.0,6379569.426493357,-654.6158388447911,2018.3427485444122,0.018249148954392724,-0.005879193740070599,1432.781507736072,13.189422085154076,86.30696155426457,129.4833830819046,6379559.726330069,-1220.0754311841688,2607.231475888854,0.023573710024579426,-0.010957679689660249,1423.3793564885855,-23.197676650969346,231.32540780410153,-156.29246623429486
15.799999999999708,6379637.0,-1368.0000000000118,3000.0,0.027124659510371775,-0.012286063481754896,1500.8567936057225,0.0,40.0,0.0,6379570.08415575,-650.3003134960303,2024.8171819315223,0.018307686613025956,-0.005840434819086548,1433.4407941941172,13.11707268253771,86.31407045168493,129.4939793564184,6379558.590528987,-1208.6003509303812,2599.6055121235117,0.02350476285417062,-0.010854622214880443,1422.2382382331416,-22.23762569094785,227.6688342145767,-148.76008446274463
15.849999999999707,6379637.0,-1366.0000000000118,3000.0,0.027124659512206148,-0.012268101401190626,1500.8563650539145,0.0,40.0,0.0,6379570.738166804,-645.984430636701,2031.292148156328,0.01836622908778331,-0.005801672698558674,1434.0964389834553,13.043368494381184,86.32126224975308,129.5046969963781,6379557.502238049,-1197.3095012856863,2592.3540542131577,0.023439201639798995,-0.010753219226422089,1421.1448477003723,-21.297084877394415,223.95695664753384,-141.31178432314076
15.899999999999705,6379637.0,-1364.0000000000118,3000.0,0.027124659514037835,-0.012250139320623942,1500.855937129818,0.0,40.0,0.0,6379571.388492497,-641.6681854387447,2037.7676543664397,0.018424776443489346,-0.005762907335090741,1434.7484080828726,12.969658146507694,86.32856398774499,129.51557875508104,6379556.460509896,-1186.2055310719081,2585.472965452493,0.02337698898548221,-0.010653494518459502,1420.098234076053,-20.374939307038535,220.19433278657314,-133.94487750207827
15.949999999999704,6379637.0,-1362.0000000000118,3000.0,0.027124659515866838,-0.012232177240054851,1500.8555098334327,0.0,40.0,0.0,6379572.035101836,-637.3515733064982,2044.2437073599936,0.01848332874180126,-0.005724138687370138,1435.3966705054045,12.894714281747778,86.33593986726555,129.52656870065786,6379555.464451236,-1175.2908757491564,2578.9582424417254,0.023318088700131478,-0.010555469968725492,1419.0975007032976,-19.47014047644186,216.38495148171728,-126.65672211153979
15.999999999999703,6379637.0,-1360.0000000000118,3000.0,0.027124659517693158,-0.012214215159483356,1500.8550831628963,0.0,40.0,0.0,6379572.67796382,-633.0345895960323,2050.7203140070665,0.018541886045027826,-0.005685366713650039,1436.041195254773,12.819763977531368,86.34342710724451,129.53772488189944,6379554.513219654,-1164.567784075758,2572.8060124823483,0.02326246577402772,-0.010459165777957037,1418.141801904887,-18.581700902178802,212.53230223051193,-119.4447334194284
16.04999999999971,6379637.0,-1358.0000000000116,3000.0,0.027124659519516793,-0.012196253078909456,1500.8546571200714,0.0,40.0,0.0,6379573.317050357,-628.7172298899341,2057.1974808370232,0.018600448412389853,-0.00564659137421466,1436.6819542432204,12.743696413516277,86.35097991316535,129.54897634485118,6379553.606020691,-1154.0383415550186,2567.0125305184283,0.02321008635118657,-0.010364600680482512,1417.230340060778,-17.70868913839757,208.6394345473358,-112.30639147053529
16.099999999999717,6379637.0,-1356.0000000000114,3000.0,0.027124659521337746,-0.012178290998333162,1500.8542317040265,0.0,40.0,0.0,6379573.952333349,-624.3994897276059,2063.6752144435877,0.0186590159036911,-0.005607812628959703,1437.3189193746075,12.667622142125703,86.3586453469271,129.5603959318756,6379552.742105154,-1143.7044911306048,2561.574175756578,0.0231609176988166,-0.010271792130097915,1416.3623629193753,-16.850225190780222,204.70900885096918,-105.23924641041238
16.149999999999725,6379637.0,-1354.000000000011,3000.0,0.027124659523156014,-0.012160328917754471,1500.8538069147617,0.0,40.0,0.0,6379574.583787481,-620.0813648689636,2070.153521088714,0.018717588575728396,-0.005569030439758215,1437.9520653430372,12.590542018378208,86.36636796247694,129.57189818058637,6379551.920766655,-1133.5680515217423,2556.4874480643766,0.023114928174772682,-0.010180756464745436,1415.5371611397713,-16.005476313922756,200.74334021425867,-98.24092212872971
16.199999999999733,6379637.0,-1352.0000000000107,3000.0,0.027124659524971596,-0.012142366837173391,1500.8533827532083,0.0,40.0,0.0,6379575.211387434,-615.7628510355294,2076.6324070915693,0.018776166485816807,-0.0055302447681378165,1438.5813668267801,12.513454931724953,86.37420432892057,129.58357022644685,6379551.141339343,-1123.630733524852,2551.7489642181276,0.023072087193645886,-0.010091509052927878,1414.754066019319,-15.173653171750901,196.74443608513212,-91.30911869032121
16.24999999999974,6379637.0,-1350.0000000000105,3000.0,0.0271246595267845,-0.012124404756589924,1500.8529592175037,0.0,40.0,0.0,6379575.8351105545,-611.4439441632392,2083.111878448637,0.018834749688346822,-0.005491455577548901,1439.206801181659,12.435468707756222,86.38208969094232,129.59531260874942,6379550.403195819,-1113.8941545609957,2547.355454051998,0.023032365191960304,-0.010004064424367999,1414.0124474195763,-14.35400633779115,192.71402889990023,-84.44161391642399
16.29999999999975,6379637.0,-1348.00000000001,3000.0,0.02712465952859472,-0.012106442676004074,1500.8525363095105,0.0,40.0,0.0,6379576.454934184,-607.124640154156,2089.5919412068706,0.018893338238166125,-0.005452662831137096,1439.8283457513899,12.357475278206818,86.39008979079803,129.60722625822413,6379549.705745229,-1104.3598517032442,2543.3037565429518,0.02299573359278821,-0.009918436387015403,1413.3117118449882,-13.545823110733984,188.65360435448375,-77.63626439665633
16.349999999999756,6379637.0,-1346.0000000000095,3000.0,0.02712465953040225,-0.012088480595415844,1500.8521140292287,0.0,40.0,0.0,6379577.0708382195,-602.8049351185902,2096.072601099721,0.018951932187280994,-0.005413866493915608,1440.4459804380313,12.278684886441274,86.3981309032303,129.6191982214377,6379549.048431492,-1095.0292933860815,2539.590815854864,0.022962164769995127,-0.00983463813221621,1412.6513006836176,-12.748424621545189,184.5644259751238,-70.89100615553176
16.399999999999764,6379637.0,-1344.0000000000095,3000.0,0.0271246595322071,-0.012070518514825239,1500.8516923747957,0.0,40.0,0.0,6379577.68280255,-598.4848251372446,2102.5538639047486,0.019010531588097318,-0.005375066530631253,1441.0596851333976,12.199887059647466,86.40628761198307,129.6313427302325,6379548.430731689,-1085.903889966614,2536.213677353832,0.022931632012223375,-0.009752682329570253,1412.0306885764003,-11.961163209553927,180.4475565271264,-64.20385515205183
16.449999999999772,6379637.0,-1342.000000000009,3000.0,0.027124659534009263,-0.01205255643423226,1500.851271348074,0.0,40.0,0.0,6379578.290809508,-594.1643064928614,2109.0357350952554,0.019069136490263355,-0.005336262907842852,1441.6694421758875,12.120390053880193,86.41447755764615,129.64353383865017,6379547.8521545455,-1076.9850032853117,2533.1694835997714,0.02290410948666041,-0.009672581212802575,1411.4493819279596,-11.183420047065935,176.30387671878194,-57.57290776145109
16.49999999999978,6379637.0,-1340.0000000000089,3000.0,0.027124659535808747,-0.012034594353636912,1500.8508509472013,0.0,40.0,0.0,6379578.894841426,-589.843375442604,2115.518220182641,0.019127746943772526,-0.005297455591879071,1442.2752339001745,12.040885397148278,86.42278383680761,129.65589859011592,6379547.312239058,-1068.2739553502668,2530.4554703114927,0.02287957220256644,-0.009594346657762785,1410.9069175031036,-10.4146029940667,172.13410158985567,-50.996341363728106
16.549999999999788,6379637.0,-1338.0000000000086,3000.0,0.027124659537605546,-0.0120166322730392,1500.8504311749712,0.0,40.0,0.0,6379579.494882971,-585.5220284394452,2122.001324383321,0.019186362995944648,-0.005258644550824808,1442.877044979483,11.960775096626826,86.43111578765227,129.6682985401771,6379546.810553202,-1059.7720362533353,2528.068962297546,0.022857995974491892,-0.009517990253525522,1410.4028611471877,-9.654144667296787,167.93879492190243,-44.472415149472795
16.599999999999795,6379637.0,-1336.0000000000082,3000.0,0.02712465953939966,-0.011998670192439125,1500.8500120295212,0.0,40.0,0.0,6379580.0909188045,-581.200261914586,2128.485052946129,0.019244984694393282,-0.005219829752569058,1443.4748600777239,11.880656942917973,86.43956469453562,129.6808730597731,6379546.346692741,-1051.4805114084188,2526.007369339106,0.02283935738506043,-0.009443523367402671,1409.936806594953,-8.901500710064798,163.71838196478404,-37.99947124073774
16.649999999999803,6379637.0,-1334.0000000000077,3000.0,0.02712465954119109,-0.01198070811183669,1500.8495935089886,0.0,40.0,0.0,6379580.6829358265,-576.8780724888056,2134.9694108341864,0.0193036120841424,-0.005181011166701243,1444.068666100502,11.800022572040342,86.44803192050425,129.6934716931449,6379545.92028011,-1043.4006281904597,2524.2681820071584,0.022823633747157398,-0.009370957204573028,1409.5083743510768,-8.1561482518288,159.4731607429004,-31.57593621858652
16.69999999999981,6379637.0,-1332.0000000000075,3000.0,0.027124659542979837,-0.011962746031231902,1500.8491756170988,0.0,40.0,0.0,6379581.270920929,-572.5554567647125,2141.4544030376633,0.019362245210461086,-0.00514218876264728,1444.658449942246,11.719380159593443,86.45661661664904,129.70624566086718,6379545.530963384,-1035.5336220390918,2522.84896739125,0.022810803065318023,-0.009300302862903693,1409.1172106480226,-7.41758454866517,155.20331218051038,-25.200323141436062
16.74999999999982,6379637.0,-1330.0000000000073,3000.0,0.027124659544765898,-0.011944783950624763,1500.848758351989,0.0,40.0,0.0,6379581.854863141,-568.2324115282757,2147.9400342702597,0.019420884116112595,-0.0051033625114778325,1445.2442006384954,11.638306983505021,86.465212493275,129.71903297562247,6379545.178415295,-1027.8807220812685,2521.7473647134716,0.022800843996077406,-0.009231571383451079,1408.7629864783958,-6.685325797900252,150.9089092712408,-18.871234134158016
16.799999999999827,6379637.0,-1328.0000000000068,3000.0,0.02712465954654928,-0.011926821870015272,1500.8483417136595,0.0,40.0,0.0,6379582.434751489,-563.9089335507012,2154.4263092676447,0.019479528844059242,-0.005064532384130712,1445.8259072201326,11.557225591364686,86.47392625164467,129.7319962365803,6379544.862332312,-1020.4431563143585,2520.961080797125,0.02279373580700618,-0.009164773797014204,1408.4453966561705,-5.958906121820705,146.58992550771575,-12.587363619281222
16.849999999999834,6379637.0,-1326.0000000000066,3000.0,0.027124659548329974,-0.011908859789403443,1500.8479257030413,0.0,40.0,0.0,6379583.010577039,-559.5850197803695,2160.9132324982124,0.0195381794348409,-0.005025698353133073,1446.403560752049,11.4757950476403,86.48264426650955,129.74496239665027,6379544.58243377,-1013.2221563821645,2520.4878853565215,0.022789458334128408,-0.009099921167031734,1408.1641589589417,-5.237876716818045,142.24624278605563,-6.347502252230534
16.899999999999842,6379637.0,-1324.0000000000064,3000.0,0.027124659550107986,-0.01189089770878927,1500.8475103192031,0.0,40.0,0.0,6379583.582330854,-555.2606671541243,2167.400808447515,0.01959683592915288,-0.004986860390908237,1446.9771523065865,11.394356127275953,86.49148047757829,129.7581049699647,6379544.338461033,-1006.2189619639586,2520.3256060714134,0.022787991937391852,-0.009037024629003262,1407.919013270177,-4.521805164705741,137.87765900190058,-0.15054160439130126
16.94999999999985,6379637.0,-1322.000000000006,3000.0,0.027124659551883316,-0.011872935628172758,1500.8470955621451,0.0,40.0,0.0,6379584.15000594,-550.9358727798408,2173.8890413429517,0.019655498365350695,-0.00494801847141385,1447.5466748932377,11.312645953574547,86.50031423574873,129.7712403130474,6379544.130176686,-999.4348247871192,2520.4721234081294,0.022789317453847678,-0.008976095426529931,1407.7097207894549,-3.8102749027671585,133.48389556119415,6.004520386748531
16.999999999999858,6379637.0,-1320.0000000000057,3000.0,0.027124659553655957,-0.011854973547553913,1500.8466814318672,0.0,40.0,0.0,6379584.713595306,-546.6106337569142,2180.377935424524,0.01971416678190408,-0.004909172568531221,1448.112121523358,11.230927256477813,86.50926641259767,129.78455239925003,6379543.957363752,-992.8710122612885,2520.925365149328,0.022793416148195272,-0.00891714494395569,1407.5360632389784,-3.1028848471760293,129.06460503397614,12.11857321993553
17.049999999999866,6379637.0,-1318.0000000000055,3000.0,0.027124659555425916,-0.01183701146693274,1500.8462679293007,0.0,40.0,0.0,6379585.273093813,-542.2849473496844,2186.867494683116,0.019772841215024817,-0.004870322657621454,1448.6734870644286,11.149011614465406,86.51820964113782,129.79784744331735,6379543.819824933,-986.5288107217307,2521.683300596519,0.02280026966036809,-0.008860184735498527,1407.3978420933709,-2.399249161453055,124.61937918182274,18.192386955650292
17.099999999999874,6379637.0,-1316.000000000005,3000.0,0.027124659557193193,-0.011819049386309238,1500.845855052583,0.0,40.0,0.0,6379585.828496323,-537.958810816909,2193.3577231178933,0.01983152170099977,-0.004831468713995384,1449.2307663792744,11.067087316021237,86.5272714236535,129.8113194303876,6379543.717381837,-980.4095282570521,2522.7439344146983,0.02280985994988344,-0.008805226550648703,1407.2948778150603,-1.698997155998921,120.14775758053194,24.22660480471112
17.14999999999988,6379637.0,-1314.0000000000048,3000.0,0.02712465955895779,-0.011801087305683416,1500.8454428035766,0.0,40.0,0.0,6379586.379799465,-533.6322215762685,2199.848624487835,0.01989020827393877,-0.004792610714389695,1449.7839561030269,10.985036911806553,86.53631797530258,129.82476487892316,6379543.649874232,-974.5144970869544,2524.105300097418,0.02282216923676004,-0.008752282355525536,1407.2270091073588,-1.0017732976298206,115.6492370348941,30.221735402395993
17.19999999999989,6379637.0,-1312.0000000000045,3000.0,0.027124659560719695,-0.011783125225055271,1500.8450311813504,0.0,40.0,0.0,6379586.926999867,-529.3051770426091,2206.3402025561027,0.019948900967989618,-0.0047537486355155225,1450.3330528680235,10.902977731682233,86.54548313356554,129.83838734709397,6379543.617159281,-968.8450754460408,2525.765453044134,0.022837179938929968,-0.008701364349797906,1407.1940921321511,-0.30723729866688554,111.12328193140726,36.178145085304166
17.249999999999897,6379637.0,-1310.000000000004,3000.0,0.02712465956247892,-0.011765163144424811,1500.8446201868355,0.0,40.0,0.0,6379587.470095846,-524.9776747837539,2212.8324608544863,0.020007599815202934,-0.004714882455456568,1450.8780549941584,10.820859932479575,86.55462698968358,129.85197409321503,6379543.619110776,-963.4026489251642,2527.7224632597963,0.022854874606234806,-0.008652484978732666,1407.1959997564554,0.3849357555027233,106.56933559367206,42.09605058169587
17.299999999999905,6379637.0,-1308.0000000000036,3000.0,0.027124659564235463,-0.011747201063792036,1500.8442098181695,0.0,40.0,0.0,6379588.009085712,-520.6497123672991,2219.3254029150708,0.020066304847632103,-0.004676012152294453,1451.4189607957378,10.738733251245804,86.56388942664795,129.86573781869677,6379543.655618372,-958.1886312205528,2529.9744077094388,0.02287523585130231,-0.00860565693992413,1407.2326207729056,1.0750552919356346,101.98683258863392,47.975512606029106
17.349999999999913,6379637.0,-1306.0000000000034,3000.0,0.027124659565989317,-0.011729238983156956,1500.8438000772148,0.0,40.0,0.0,6379588.543969386,-516.3212875079543,2225.8190320472513,0.020125016095312004,-0.004637137705430816,1451.955770199187,10.65661219882005,86.57312469949191,129.87945694825075,6379543.726586806,-953.2044642477798,2532.519362386139,0.02289824627783144,-0.008560893184318939,1407.3038591193035,1.7634152087088266,97.37521178660369,53.81643089130656
17.39999999999992,6379637.0,-1304.0000000000032,3000.0,0.027124659567740492,-0.01171127690251957,1500.8433909630403,0.0,40.0,0.0,6379589.074746783,-511.9923979226766,2232.313351557026,0.02018373358824682,-0.004598259094287478,1452.48848312255,10.574482171358822,86.58247845301631,129.8933529059611,6379543.83193512,-948.4516175908889,2535.3553941775735,0.022923888407056194,-0.008518206911269772,1407.4096330981702,2.4502939709548373,92.7339298160277,59.61854118044505
17.44999999999993,6379637.0,-1302.000000000003,3000.0,0.027124659569488983,-0.011693314821879882,1500.8429824756458,0.0,40.0,0.0,6379589.601419346,-507.6630414697623,2238.808364536243,0.020242457354499626,-0.0045593762995545335,1453.0171010121703,10.49241889202925,86.59179938743245,129.9071956997243,6379543.971595903,-943.931587279406,2538.4805526404,0.022952144603376,-0.00847761155755253,1407.5498746121302,3.135954905881942,88.06247440164513,65.38141461179613
17.499999999999936,6379637.0,-1300.0000000000027,3000.0,0.027124659571234784,-0.011675352741237896,1500.8425746159628,0.0,40.0,0.0,6379590.123988522,-503.333216012105,2245.304074069854,0.020301187422071067,-0.004520489301963395,1453.54162531998,10.410346557504873,86.6012386317466,129.92121506514934,6379544.145514541,-939.6458939141162,2541.892861809976,0.022982997000305417,-0.008439120780534527,1407.724528410472,3.820646748194907,83.36037696123408,71.10445977332081
17.549999999999944,6379637.0,-1298.0000000000023,3000.0,0.02712465957297791,-0.011657390660593611,1500.8421673821285,0.0,40.0,0.0,6379590.642457201,-499.0029195482586,2251.8004830370487,0.02035992381709672,-0.0044815980834628615,1454.0620589386672,10.328399069003408,86.61063960633909,129.93517300021415,6379544.353648511,-935.5960801955576,2545.5903121810315,0.02301642742796947,-0.008402748435978243,1407.9335513804108,4.504604469031581,78.62722379336974,76.78692747725707
17.59999999999995,6379637.0,-1296.0000000000018,3000.0,0.027124659574718348,-0.011639428579947037,1500.8417607760057,0.0,40.0,0.0,6379591.156828279,-494.6721500836054,2258.2975943067922,0.020418666565619574,-0.004442702626063119,1454.5784047702327,10.246442457692018,86.6201586530044,129.94930715048466,6379544.595966711,-931.7837079414547,2549.5708529915323,0.023052417343340043,-0.00836850855125498,1408.176911873743,5.18805039807434,73.86266523409495,82.42791805674749
17.64999999999996,6379637.0,-1294.0000000000016,3000.0,0.027124659576456104,-0.011621466499298174,1500.841354796663,0.0,40.0,0.0,6379591.667106025,-490.34090575360824,2264.79541055052,0.020477415691892122,-0.004403802912941726,1455.090667085722,10.1646658728089,86.62963418084776,129.9633719009348,6379544.872448876,-928.2103547076846,2553.832384925728,0.02309094776426225,-0.008336415294997616,1408.454589119181,5.871195623164459,69.06642229545737,88.02639074933212
17.699999999999967,6379637.0,-1292.0000000000014,3000.0,0.027124659578191174,-0.01160350441864703,1500.840949445963,0.0,40.0,0.0,6379592.173294713,-486.00918470267845,2271.293934426282,0.02053617122004567,-0.004364898927356705,1455.5988501645625,10.082880109719177,86.6392274792778,129.97761241521462,6379545.183085045,-924.8776101466404,2558.372753326065,0.02313199920808148,-0.00830648294439471,1408.766572676599,6.5542416295636405,64.23829050066992,93.58117455304492
17.749999999999975,6379637.0,-1290.000000000001,3000.0,0.027124659579923563,-0.011585542337993603,1500.8405447201803,0.0,40.0,0.0,6379592.675399923,-481.67698519983145,2277.793168402665,0.020594933172494088,-0.004325990653684364,1456.1029595872387,10.001326737054649,86.64877220822129,129.99177585215676,6379545.527875126,-921.7870722455472,2563.189741969976,0.02317555163537761,-0.008278725851406234,1409.1128620132804,7.237382125300279,59.37814086271906,99.0909798461847
17.799999999999983,6379637.0,-1288.0000000000007,3000.0,0.027124659581653266,-0.011567580257337898,1500.8401406221092,0.0,40.0,0.0,6379593.1734272335,-477.34430552504523,2284.2931149318697,0.02065370157150288,-0.004287078076399593,1456.6030009426177,9.919764142658138,86.65843434580928,130.0061145114101,6379545.9068285655,-918.9403435841807,2568.2810674318625,0.023221584398989952,-0.008253158409153413,1409.4934661602601,7.920804992016706,54.485918172397845,104.55441006006511
17.84999999999999,6379637.0,-1286.0000000000005,3000.0,0.027124659583380284,-0.011549618176679922,1500.839737150818,0.0,40.0,0.0,6379593.667383465,-473.0111440775317,2290.7937762845295,0.02071247643769168,-0.004248161181047433,1457.0989810498431,9.838483584280626,86.66804305843543,130.02036870245198,6379546.319964095,-916.3390277386958,2573.6443740165646,0.023270076198209137,-0.0082297950196206,1409.9084034580737,8.604694302424075,49.56163693401781,109.96997277067024
17.899999999999984,6379637.0,-1284.0000000000005,3000.0,0.02712465958510462,-0.011531656096019676,1500.8393343072385,0.0,40.0,0.0,6379594.157275438,-468.67749926937984,2297.2951547120356,0.020771257791505866,-0.004209239953288731,1457.590906736441,9.75719377215181,86.67776876034958,130.03479748867758,6379546.767309598,-913.9847259383478,2579.277229222045,0.023321005037753608,-0.008208650063628257,1410.3577014142647,9.289232354146511,44.60537539261888,115.33608970351382
17.950000000000006,6379637.0,-1281.9999999999995,3000.0,0.02712465958682627,-0.011513694015357156,1500.8389320885763,0.0,40.0,0.0,6379594.643111147,-464.34336962664906,2303.7972522919395,0.02083004565181496,-0.004170314379807297,1458.0787859978154,9.676233018510196,86.68743637362488,130.04913469690547,6379547.248902069,-911.8790340585421,2585.1771196673926,0.023374348190953,-0.008189737873826396,1410.8413966801018,9.974601682399088,39.61726813367092,120.6511052943393
17.999999999999986,6379637.0,-1280.0000000000005,3000.0,0.02712465958854524,-0.01149573193469239,1500.8385304985568,0.0,40.0,0.0,6379595.124898586,-460.00875369009475,2310.300071079838,0.020888840037289698,-0.0041313844474191105,1458.5626268321648,9.595262990223624,86.69722050230821,130.06364579188894,6379547.764787683,-910.0235400098934,2591.3414474079736,0.023430082166431717,-0.008173072711244456,1411.359535089694,10.660987028056518,34.597497716057674,125.91329358999333
18.050000000000022,6379637.0,-1277.999999999999,3000.0,0.027124659590261523,-0.011477769854025344,1500.8381295362487,0.0,40.0,0.0,6379595.602646862,-455.67365010929143,2316.803612965032,0.020947640965093266,-0.004092450143916937,1459.0424383515492,9.514666512244155,86.70694206697483,130.07805847441313,6379548.3150219405,-908.4198215612743,2597.767526551894,0.023488182677516456,-0.008158668745738798,1411.912171818316,11.34857725133236,29.546285739660128,131.12086339103263
18.099999999999987,6379637.0,-1276.0000000000005,3000.0,0.027124659591975124,-0.011459807773356064,1500.8377291997895,0.0,40.0,0.0,6379596.0763650825,-451.33805755023684,2323.3078798122942,0.021006448452166756,-0.00405351145724125,1459.5182296680287,9.43406074945917,86.7167796213975,130.0926442580642,6379548.8996699285,-907.0694446167579,2604.452580089164,0.023548624613566656,-0.008146540040516508,1412.4993716441095,12.037567192590252,24.46388366915387,136.2719616221043
18.150000000000038,6379637.0,-1273.9999999999986,3000.0,0.02712465959368604,-0.011441845692684504,1500.8373294910416,0.0,40.0,0.0,6379596.546063405,-447.00197478270735,2329.8128733274657,0.021065262514010457,-0.004014568376264114,1459.9900109423324,9.35387058795652,86.7265503211439,130.1071250641844,6379549.518806665,-905.973961952344,2611.39373684584,0.023611382012434574,-0.008136700540788449,1413.1212092805654,12.72815949062838,19.350563650909667,141.36467496787182
18.19999999999999,6379637.0,-1272.0000000000005,3000.0,0.027124659595394274,-0.01142388361201073,1500.8369304081425,0.0,40.0,0.0,6379597.01175199,-442.6654005945432,2336.3185951894116,0.021124083165880395,-0.003975620890020063,1460.4577923361212,9.27367114181862,86.736436435845,130.12177811250993,6379550.172517534,-905.1349124085806,2618.588028477756,0.023676428033282997,-0.008129164066516639,1413.7777698123828,13.420566375274023,14.206609481479125,146.39702983480888
18.250000000000053,6379637.0,-1269.9999999999977,3000.0,0.027124659597099823,-0.011405921531334667,1500.8365319529548,0.0,40.0,0.0,6379597.473441982,-438.32833387243465,2342.825046925246,0.021182910421656855,-0.00393666898843104,1460.92158500012,9.193926994258822,86.7462515862935,130.1363198815516,6379550.860898804,-904.5538205289315,2626.032386421858,0.023743734929019374,-0.008123944309164795,1414.4691492132843,14.115011455448682,9.032307819046434,151.36699069964487
18.29999999999999,6379637.0,-1268.0000000000005,3000.0,0.02712465959880269,-0.011387959450656413,1500.8361341245472,0.0,40.0,0.0,6379597.931144535,-433.99077352269336,2349.3322300327877,0.021241744294954838,-0.003897712661595461,1461.3814000934362,9.114173572155288,86.75618153024917,130.15103296431363,6379551.584058248,-904.2321966306174,2633.723638725469,0.02381327401762576,-0.008121054832332813,1415.1954549653456,14.811731526613741,3.8279396765387115,156.27245688875723
18.35000000000007,6379637.0,-1265.9999999999973,3000.0,0.02712465960050287,-0.011369997369975864,1500.835736923851,0.0,40.0,0.0,6379598.384871733,-429.6527185456636,2355.840145865102,0.02130058479807701,-0.003858751900455953,1461.8372497018427,9.034912876923622,86.76603657779152,130.16562872317542,6379552.342115851,-904.1715372937082,2641.6585066758366,0.023885015651682804,-0.008120509076147472,1415.956806753762,15.510978423351254,-1.4062278048006425,161.11125780570316
18.39999999999999,6379637.0,-1264.0000000000005,3000.0,0.02712465960220037,-0.01135203528929314,1500.8353403490037,0.0,40.0,0.0,6379598.834635667,-425.31416796279007,2362.3487957437505,0.021359431943040765,-0.003819786696144928,1462.2891459176317,8.955642926746286,86.77600575313988,130.1803948012733,6379553.1352046,-904.3733262550885,2649.8336011517777,0.023958929185380524,-0.008122320365289192,1416.7533372705802,16.213020944129855,-6.669949329976605,165.88114658863745
18.450000000000085,6379637.0,-1261.9999999999966,3000.0,0.027124659603895183,-0.01133407320860812,1500.834944402799,0.0,40.0,0.0,6379599.280449301,-420.9751208848428,2368.8581808523572,0.021418285740612896,-0.003780817040596799,1462.7371017141268,8.876900944952645,86.78589627365314,130.19503776172584,6379553.963471391,-904.8390356958126,2658.2454186179693,0.024034982938297745,-0.008126501920551676,1417.585193105042,16.918146876605494,-11.963009220267468,170.57979213930267
18.499999999999993,6379637.0,-1260.0000000000005,3000.0,0.027124659605587312,-0.011316111127920943,1500.8345490815118,0.0,40.0,0.0,6379599.722325606,-416.63557644509604,2375.3683023409485,0.021477146201255983,-0.0037418429259483904,1463.1811300618574,8.798149736900108,86.79590021430728,130.20984998434156,6379554.8270780295,-905.5701279130373,2666.890336677674,0.024113144155188594,-0.008133066873855283,1418.4525357428938,17.62666515280473,-17.285229036467975,175.20476941984955
18.5500000000001,6379637.0,-1257.999999999996,3000.0,0.027124659607276756,-0.011298149047231466,1500.8341543888673,0.0,40.0,0.0,6379600.16027838,-412.2955338615519,2381.879161228243,0.021536013334242078,-0.0037028643450972994,1463.6212447620928,8.719959631631472,86.8058219117838,130.22453354012012,6379555.7262023445,-906.5680573707796,2675.764609094117,0.02419337896096426,-0.008142028286662474,1419.3555426858366,18.33890816552339,-22.636475118961545,179.75354786456776
18.599999999999994,6379637.0,-1256.0000000000002,3000.0,0.02712465960896352,-0.011280186966539847,1500.8337603220716,0.0,40.0,0.0,6379600.594321418,-407.9549923760475,2388.3907584973763,0.021594887148521032,-0.003663881291155508,1464.0574596161023,8.641760337460225,86.8158562819663,130.2393852416689,6379556.661039422,-907.8342731269232,2684.8643601807876,0.024275652309968334,-0.008153399171772107,1420.2944086724892,19.055234279092122,-28.016666108767907,184.22347769779466
18.650000000000116,6379637.0,-1253.9999999999955,3000.0,0.0271246596106476,-0.011262224885845929,1500.8333668829873,0.0,40.0,0.0,6379601.024469295,-403.6139513106583,2394.9030950066217,0.02165376765191057,-0.0036248937579555105,1464.489789201878,8.564153250907484,86.82580498707343,130.25410296537328,6379557.631802973,-909.3702216371449,2694.185578450021,0.024359927928545286,-0.008167192518498644,1421.2693470455706,19.776030570384425,-33.42578051208421,188.6117738871649
18.699999999999996,6379637.0,-1252.0000000000002,3000.0,0.027124659612328995,-0.011244262805149884,1500.8329740706831,0.0,40.0,0.0,6379601.45073659,-399.2724100125564,2401.4161715767855,0.021712654851889144,-0.0035859017395555317,1464.918248099275,8.486537021059055,86.8358655797871,130.2689876622701,6379558.638726845,-911.1773499393082,2703.7241093927296,0.024446168249752435,-0.00818342132126802,1422.2805912578478,20.50171583905326,-38.8638643647832,192.91549738828218
18.75000000000013,6379637.0,-1249.9999999999948,3000.0,0.027124659614007708,-0.011226300724451537,1500.832581885159,0.0,40.0,0.0,6379601.873138607,-394.93036790476856,2407.9299889100726,0.021771548754859843,-0.003546905230694995,1465.3428516183048,8.409542149245107,86.84583724839224,130.28373330211312,6379559.682066685,-913.2571092246701,2713.475647244194,0.024534334338903615,-0.008202098611687221,1423.328396530822,21.23274392996355,-44.331039045429186,197.13153325206775
18.799999999999997,6379637.0,-1248.0,3000.0,0.027124659615683732,-0.011208338643751078,1500.8321903273463,0.0,40.0,0.0,6379602.291690652,-390.5878244366135,2414.4445476694386,0.021830449366870307,-0.003507904226349812,1465.7636150689796,8.3325381875759,86.85591998386208,130.29864468939755,6379560.762101785,-915.6109588041458,2723.4357255654495,0.024624385808403197,-0.008223237494161472,1424.413041697815,21.96960741495116,-49.827509271819714,201.25656506292614
18.850000000000147,6379637.0,-1245.999999999994,3000.0,0.027124659617357078,-0.011190376563048316,1500.8317993963137,0.0,40.0,0.0,6379602.706408716,-386.2447791289846,2420.9598484053136,0.021889356692947885,-0.0034688987221386984,1466.180554445833,8.256182852866717,86.86591069554339,130.31341216581959,6379561.87913712,-918.2403704794788,2733.5997064417706,0.024716280720075565,-0.008246851185147482,1425.53483123146,22.71284168597927,-55.35357129853746,205.28704505195557
18.9,6379637.0,-1244.0,3000.0,0.027124659619027738,-0.011172414482343462,1500.8314090920612,0.0,40.0,0.0,6379603.117308787,-381.9012315301974,2427.475891627193,0.02194827073774923,-0.003429888713927029,1466.5936857359484,8.17981848916221,86.87601161964966,130.32834411365462,6379563.033505601,-921.1468333290674,2743.9627680615886,0.024809975472850153,-0.00827295305613027,1426.6940974919125,23.46302951683635,-60.909621305609136,209.21915907542362
18.950000000000163,6379637.0,-1241.9999999999936,3000.0,0.027124659620695716,-0.011154452401636301,1500.8310194145888,0.0,40.0,0.0,6379603.524407492,-377.55718125596377,2433.99267773794,0.02200719150496407,-0.0033908741981855083,1467.0030255764723,8.104128210689877,86.88601757621302,130.34312751581953,6379564.225570565,-924.3318589172197,2754.5198903958735,0.024905424673270636,-0.008301556680402247,1427.8912032060325,24.22080615553722,-66.49616393111843,213.04878545915483
19.0,6379637.0,-1240.0,3000.0,0.027124659622361005,-0.011136490320927062,1500.8306303648278,0.0,40.0,0.0,6379603.927721459,-373.21262795048665,2440.5102070978874,0.022066118997897,-0.00335185517164111,1467.4085905961692,8.028428971091934,86.89613285893556,130.35807406587898,6379565.455728543,-927.7969869314575,2765.2658386404114,0.02500258098577585,-0.008332675883685995,1429.126544231549,24.986865013941134,-72.11382084404944,216.77144647053137
19.05000000000018,6379637.0,-1237.9999999999927,3000.0,0.027124659624023616,-0.011118528240215511,1500.8302419409156,0.0,40.0,0.0,6379604.3272679085,-368.8675713212837,2447.028479966448,0.022125053218937495,-0.0033128316315895303,1467.810398016125,7.953427533041208,86.90615038296357,130.37286764807172,6379566.724412325,-931.543791245969,2776.195144016306,0.025101394959093578,-0.008366324798583614,1430.4005526136607,25.761964023506078,-77.76333917383388,220.38225088065295
19.1,6379637.0,-1236.0,3000.0,0.02712465962568354,-0.011100566159501906,1500.8298541447148,0.0,40.0,0.0,6379604.723064065,-364.5220111053736,2453.547496558999,0.022183994170076216,-0.0032738035755918173,1468.2084650676697,7.878417208339997,86.91627631686248,130.38782300983615,6379568.032094353,-935.573886396705,2787.302081435851,0.025201814824290795,-0.008402517922722206,1431.7136999526992,26.54693272549281,-83.44559949352677,223.87582569844153
19.150000000000194,6379637.0,-1233.9999999999923,3000.0,0.02712465962734078,-0.011082604078785982,1500.829466975294,0.0,40.0,0.0,6379605.1151277,-360.17594709910236,2460.067256995529,0.022242941852438837,-0.0032347710017419733,1468.6028095213696,7.8041267261343705,86.9263018503178,130.40262118777505,6379569.379290504,-939.8889344351226,2798.580643435699,0.025303786259072647,-0.008441270180299132,1433.0665011918172,27.342680156743654,-89.16162288118603,227.2462346758862
19.200000000000003,6379637.0,-1232.0,3000.0,0.027124659628995337,-0.01106464199806802,1500.8290804326534,0.0,40.0,0.0,6379605.503476593,-355.8293791292692,2466.5877613505704,0.02230189626673935,-0.0031957339084079193,1468.9934491664171,7.729827437960713,86.93643484907275,130.41757973474822,6379570.766564278,-944.4906520969897,2810.0245096419444,0.025407252111681045,-0.008482596986455763,1434.45951877255,28.15020357435037,-94.91257632737457,230.48688056526336
19.25000000000021,6379637.0,-1229.9999999999918,3000.0,0.02712465963064721,-0.011046679917347741,1500.8286945177242,0.0,40.0,0.0,6379605.888129027,-351.4823070781042,2473.109009608618,0.022360857412875274,-0.0031566922944555745,1469.3804022856057,7.656268422655484,86.94646495197121,130.43237708180902,6379572.194531434,-949.3808181781502,2821.6270108643575,0.025512152076230244,-0.008526514313508798,1435.893367268145,28.970598027403724,-100.69977538091187,233.59038731891442
19.300000000000004,6379637.0,-1227.9999999999998,3000.0,0.027124659632296398,-0.011028717836625434,1500.828309229575,0.0,40.0,0.0,6379606.269103292,-347.134730859187,2479.631001707373,0.022419825290320335,-0.003117646159032842,1469.7636871719733,7.582700687881072,86.95660154899373,130.4473333476515,6379573.663865154,-954.5612809396217,2833.381086699465,0.025618422309349822,-0.00857303875744367,1437.3687185132876,29.80506671882934,-106.52468236469612,236.54845740650455
19.350000000000225,6379637.0,-1225.999999999991,3000.0,0.027124659633942904,-0.011010755755900811,1500.827924568206,0.0,40.0,0.0,6379606.646418148,-342.78665043771724,2486.153737499673,0.02247879989777866,-0.0030785955017514324,1470.1433225870132,7.50989210835082,86.96663289818237,130.46212459102873,6379575.175301708,-960.0339652626698,2845.2792352525257,0.025725994975567795,-0.008622187602161028,1438.886307249777,30.654931987664035,-112.38889766253477,239.35169812416413
19.400000000000006,6379637.0,-1224.0,3000.0,0.027124659635586728,-0.010992793675174181,1500.8275405336171,0.0,40.0,0.0,6379607.02009236,-338.4380658110876,2492.6772167903027,0.02253778123351918,-0.0030395403225126267,1470.519327304326,7.437074901283521,86.97676974533705,130.4770732656341,6379576.729646702,-965.8008791191402,2857.313453239192,0.025834797705708356,-0.008673978877571854,1440.4469373421744,31.521646551844665,-118.29414033075338,241.98940910577804
19.45000000000024,6379637.0,-1221.9999999999905,3000.0,0.027124659637227867,-0.010974831594445227,1500.8271571258083,0.0,40.0,0.0,6379607.390145125,-334.08897702458006,2499.201439304182,0.022596769295086513,-0.003000480621648044,1470.8917205203325,7.365034244766429,86.98679913338816,130.49185328241975,6379578.327781862,-971.8641186926433,2869.4751642905358,0.02594475294862706,-0.008728431405574092,1442.0514885252342,32.40680433444754,-124.24221241619223,244.4493211382125
19.500000000000007,6379637.0,-1219.9999999999998,3000.0,0.02712465963886632,-0.010956869513714282,1500.8267743457109,0.0,40.0,0.0,6379607.756595643,-329.73938415646165,2505.726404716994,0.02265576407957941,-0.0029614163997859996,1471.260521438904,7.292985057703096,86.9969329998322,130.50678920791242,6379579.970672343,-978.2258711375952,2881.7551327232595,0.026055777191526176,-0.00878556482481283,1443.7009236672893,33.31214967493296,-130.23493852691058,246.71727374622012
19.550000000000257,6379637.0,-1217.9999999999895,3000.0,0.02712465964050209,-0.01093890743298101,1500.8263921923935,0.0,40.0,0.0,6379608.119463514,-325.389287329234,2512.2521126293786,0.02271476558341597,-0.0029223476579523532,1471.6257496634498,7.221728388435204,87.00695733408682,130.52155302110341,6379581.659374401,-984.8884134416651,2894.1433593358115,0.026167780017754425,-0.008845399580443206,1445.3962963903323,34.23958287325773,-136.27406789798655,248.77681581117162
19.60000000000001,6379637.0,-1215.9999999999995,3000.0,0.027124659642135177,-0.010920945352245767,1500.8260106658563,0.0,40.0,0.0,6379608.478768341,-321.0386866991251,2518.7785625916317,0.022773773802558392,-0.0028832743974763282,1471.9874248001724,7.150463290304964,87.01708510526203,130.5364711877688,6379583.395043199,-991.8541050644004,2906.628954909945,0.026280662963028528,-0.008907956857995076,1447.1387588046491,35.191158621873335,-142.36111962592074,250.6087097925119
19.650000000000272,6379637.0,-1213.999999999989,3000.0,0.027124659643765578,-0.010902983271508194,1500.8256297670305,0.0,40.0,0.0,6379608.834530091,-316.687582463012,2525.3057540836485,0.022832788732330318,-0.0028441966200525213,1472.3455668175593,7.080005306278199,87.02710140705231,130.55121396219732,6379585.178940223,-999.1253708265132,2919.1999860329524,0.026394318121392212,-0.008973258429677273,1448.9295688504353,36.16907161441838,-148.4971417127916,252.19031629540675
19.70000000000001,6379637.0,-1211.9999999999995,3000.0,0.0271246596453933,-0.010885021190768668,1500.8252494949847,0.0,40.0,0.0,6379609.186768733,-312.3359748521916,2531.833686533947,0.022891810367590134,-0.002805114327685132,1472.700195690617,7.009538999409957,87.03722008385857,130.56610950433938,6379587.0124394875,-1006.7046686972394,2931.8432866083126,0.02650862644095066,-0.00904132636505044,1450.7700963877141,37.1756199446681,-154.68233925373102,253.49483276765878
19.750000000000288,6379637.0,-1209.9999999999886,3000.0,0.027124659647018337,-0.010867059110026809,1500.824869849719,0.0,40.0,0.0,6379609.535504569,-307.98386413508666,2538.3623593051134,0.022950838702598172,-0.002766027522712117,1473.0513317240402,6.9398930875444655,87.04722548793447,130.58082654250694,6379588.897031043,-1014.5944343546284,2944.544227101772,0.026623455637479764,-0.009112182533098194,1452.6618265872821,38.21313098888133,-160.9155039359538,254.49036036688986
19.80000000000001,6379637.0,-1207.9999999999995,3000.0,0.027124659648640685,-0.01084909702928301,1500.8244908312336,0.0,40.0,0.0,6379609.880757906,-303.63125061518633,2544.8917717073887,0.02300987373114074,-0.0027269362077868495,1473.3989952225238,6.870238962849114,87.05733218610948,130.59569473421192,6379590.834319339,-1022.7969901913335,2957.2864324332954,0.026738657643737947,-0.009185847784986741,1454.6063581276685,39.2838250469044,-167.19314258166364,255.13878161897983
19.850000000000303,6379637.0,-1205.9999999999877,3000.0,0.027124659650260355,-0.010831134948536875,1500.8241124385968,0.0,40.0,0.0,6379610.222549344,-299.2781346296374,2551.421922989377,0.023068915446445015,-0.0026878403858653413,1473.7432067962363,6.801417252385248,87.0673239403122,130.61038147202126,6379592.826012442,-1031.31440016063,2970.0514391390357,0.026854065509726795,-0.009262340650424144,1456.6053922101855,40.38957740191689,-173.50815318058804,255.39445888873382
19.900000000000013,6379637.0,-1203.9999999999995,3000.0,0.02712465965187734,-0.010813172867788821,1500.8237346746027,0.0,40.0,0.0,6379610.560899495,-294.92451655125376,2557.952812346438,0.023127963841256007,-0.0026487400602244198,1474.083987057209,6.732587442757846,87.07741589006022,130.62521772282275,6379594.873895569,-1040.1482427029025,2982.818284374594,0.026969489686763874,-0.009341675298317647,1458.6607058392838,41.53151782919357,-179.84783158193724,255.20283034974818
19.95000000000032,6379637.0,-1201.9999999999873,3000.0,0.027124659653491638,-0.010795210787038429,1500.8233575373888,0.0,40.0,0.0,6379610.895829237,-290.5703967830854,2564.484438916409,0.02318701890779691,-0.002609635234412846,1474.4213568875566,6.6646008569821635,87.08739135528359,130.63986972518413,6379596.979778715,-1049.2992613348051,2995.563026338155,0.027084713691605335,-0.009423858398751482,1460.7740991422907,42.70937752555165,-186.19091996691463,254.49912314849053
20.000000000000014,6379637.0,-1199.9999999999995,3000.0,0.027124659655103252,-0.010777248706286133,1500.822981026955,0.0,40.0,0.0,6379611.227359449,-286.21577576440626,2571.016801783052,0.023246080637801203,-0.0025705259123052046,1474.7553371666,6.596606289038379,87.09746590119374,130.6546695756049,6379599.145402835,-1058.7668367694148,3008.2582129512575,0.027199489302931375,-0.009508884382190178,1462.947301166132,43.92046254857795,-192.5033686410637,253.2076821164458
20.050000000000335,6379637.0,-1197.9999999999866,3000.0,0.027124659656712187,-0.010759286625531491,1500.8226051433012,0.0,40.0,0.0,6379611.555511253,-281.86065396134074,2577.5498999765427,0.02330514902251625,-0.002531412098017631,1475.0859490204602,6.529464595478782,87.10742255168084,130.6692825318867,6379601.37228254,-1068.5482096608184,3020.872351747177,0.02731353176904957,-0.009596728459131343,1465.181812162511,45.158123063089185,-198.73258591732687,251.2428976411918
20.100000000000016,6379637.0,-1195.9999999999993,3000.0,0.027124659658318437,-0.010741324544774966,1500.8222298873588,0.0,40.0,0.0,6379611.880305776,-277.5050318767516,2584.0837324722115,0.023364224052692725,-0.0024922937959967087,1475.4132135799155,6.462315039760678,87.11747715298253,130.68404164882745,6379603.661458112,-1078.6373817811273,3033.3694999871923,0.027426516103076524,-0.009687336751900389,1467.4786551501602,46.409660296139904,-204.8004396601804,248.51341835571756
20.15000000000035,6379637.0,-1193.999999999986,3000.0,0.027124659659922,-0.010723362464016097,1500.8218552581966,0.0,40.0,0.0,6379612.201764357,-273.1489100369916,2590.618298195557,0.023423305718629175,-0.002453171010900409,1475.737152188085,6.396026898798322,87.12741257702018,130.69861136811926,6379606.0131323915,-1089.0236642613154,3045.709195924523,0.027538076463180242,-0.00978061325692034,1469.8380124652758,47.653887637819636,-210.59653631975726,244.93197937227345
20.200000000000017,6379637.0,-1191.9999999999993,3000.0,0.027124659661522884,-0.010705400383255358,1500.8214812558144,0.0,40.0,0.0,6379612.519908339,-268.79228900562487,2597.153596016525,0.023482394010121116,-0.002414043747721409,1476.057786187157,6.329731018397061,87.13744480823766,130.7133255400618,6379608.426192755,-1099.6899710299085,3057.8470664806514,0.027647811649214028,-0.00987640451883073,1472.2587476596236,48.85917087387586,-215.97557535627385,240.4328005342009
20.250000000000366,6379637.0,-1189.9999999999854,3000.0,0.02712465966312108,-0.010687438302492271,1500.8211078802124,0.0,40.0,0.0,6379612.8347592475,-264.4351693663572,2603.689624758801,0.02354148891654432,-0.0023749120116337173,1476.3751371093094,6.264304030287842,87.14735670932211,130.72784794620736,6379610.8976804605,-1110.61120850356,3069.7364801922195,0.027755300050526528,-0.009974485169225545,1474.7378752771765,49.98360450808576,-220.76491719604175,234.99535496223334
20.30000000000002,6379637.0,-1187.999999999999,3000.0,0.027124659664716593,-0.010669476221727332,1500.8207351313904,0.0,40.0,0.0,6379613.146338616,-260.07755174053875,2610.2263831898663,0.02360059042676557,-0.0023357758081499445,1476.6892264867201,6.198869427876048,87.15736426140185,130.74251307818977,6379613.422363714,-1121.7534178639205,3081.3313973304953,0.027860125417666894,-0.01007455022435951,1477.2701350776479,50.97922749299438,-224.78752420523,228.6665970434101
20.35000000000038,6379637.0,-1185.9999999999848,3000.0,0.027124659666309427,-0.010651514140960043,1500.8203630102798,0.0,40.0,0.0,6379613.454668136,-255.71943676630997,2616.763870034321,0.023659698529262578,-0.0022966351429339472,1477.0000760173425,6.134310178412717,87.16725045996021,130.7569842045268,6379615.992633904,-1133.0744102535407,3092.590005238944,0.027961909732242288,-0.010176220790425032,1479.8478900901973,51.80052133497058,-227.897243574877,221.5678547779408
20.40000000000002,6379637.0,-1183.999999999999,3000.0,0.027124659667899564,-0.010633552060190917,1500.8199915159494,0.0,40.0,0.0,6379613.759769507,-251.36082511984952,2623.302083959972,0.023718813211998736,-0.0022574900219917266,1477.3077074009925,6.069743441917553,87.177231141955,130.7715963128272,6379618.598874333,-1144.5261769988074,3103.478088758703,0.028060343679362987,-0.01027906570971264,1482.4614974120632,52.41405467899078,-230.01144004498033,213.87690152731906
20.450000000000397,6379637.0,-1181.999999999984,3000.0,0.02712465966948703,-0.010615589979419438,1500.819620648399,0.0,40.0,0.0,6379614.061664562,-247.00171749075372,2629.841023594926,0.02377793446257718,-0.0022183404514502553,1477.612142475322,6.006057546520283,87.18708957773748,130.78601229657156,6379621.230234228,-1156.0584814715187,3113.9709845268458,0.028155204314126273,-0.010382633818397918,1485.1000838391483,52.80433559269506,-231.12353466576855,205.79166511995646
20.50000000000002,6379637.0,-1179.999999999999,3000.0,0.02712465967107181,-0.010597627898646142,1500.8192504076287,0.0,40.0,0.0,6379614.360375138,-242.6421146070137,2636.38068750996,0.02383706226808191,-0.0021791864377818547,1477.9134030789137,5.942364293224961,87.19704131916296,130.80056750303788,6379623.87553974,-1167.6224498959436,3124.0536515708104,0.02824635569570661,-0.010486486194471236,1487.7524576392025,52.973407838133454,-231.29120617815082,197.49432483531666
20.550000000000413,6379637.0,-1177.9999999999836,3000.0,0.0271246596726539,-0.01057966581787049,1500.8188807945698,0.0,40.0,0.0,6379614.655923186,-238.2820172066233,2642.921074239125,0.02389619661526363,-0.002140027987549165,1478.211511165835,5.87955643975392,87.20687005443729,130.81492457921354,6379626.524059031,-1179.1731783278058,3133.719287370076,0.028333736370745356,-0.010590219569912938,1490.4078735252842,52.9359426356963,-230.61125642882402,189.13032912410677
20.600000000000023,6379637.0,-1175.999999999999,3000.0,0.02712465967423331,-0.010561703737093035,1500.818511808291,0.0,40.0,0.0,6379614.94833066,-233.9214260662912,2649.4621822586614,0.023955337490349525,-0.00210086510766305,1478.506488691084,5.816741359121241,87.21679090843108,130.8294191051405,6379629.16598289,-1190.671052282815,3142.9673227432995,0.02841734124159033,-0.010693478181436688,1493.05651263427,52.7132817819585,-229.19506708663113,180.80387088083157
20.65000000000043,6379637.0,-1173.9999999999827,3000.0,0.027124659675810042,-0.010543741656313218,1500.818143447861,0.0,40.0,0.0,6379615.237619608,-229.56034196924568,2656.004010010837,0.02401448487925849,-0.0020616978050934207,1478.7983577083796,5.7548153491720075,87.22658813215655,130.84371359995023,6379631.792633607,-1202.0820208379278,3151.8014711823275,0.028497203928054268,-0.010795956231673853,1495.6896905712783,52.328742985099716,-227.15182099287324,172.5833652280534
20.700000000000024,6379637.0,-1171.999999999999,3000.0,0.027124659677384085,-0.010525779575531623,1500.8177757160738,0.0,40.0,0.0,6379615.523812077,-225.1987657377144,2662.5465558796827,0.024073638767382045,-0.0020225260871609718,1479.0871402639896,5.692882244150641,87.23647627961873,130.85814375939802,6379634.396485578,-1213.3772423602102,3160.2281560282445,0.02857338254634079,-0.010897394707205264,1498.299877256155,51.8047731152579,-224.57986231579403,164.51022311148338
20.750000000000444,6379637.0,-1169.9999999999823,3000.0,0.027124659678955443,-0.01050781749474766,1500.8174086101353,0.0,40.0,0.0,6379615.806930187,-220.836698196863,2669.0898182177725,0.02413279913982621,-0.0019833499612132892,1479.3728584833443,5.63184103317702,87.24624031281249,130.87237208287894,6379636.971082989,-1224.5324509095474,3168.2553727672225,0.02864594942264005,-0.010997575688133306,1500.8806139733642,51.16158953410407,-221.56370967342446,156.60710802006497
20.800000000000026,6379637.0,-1167.999999999999,3000.0,0.02712465968052412,-0.010489855413961935,1500.8170421319082,0.0,40.0,0.0,6379616.086996064,-216.47414021110666,2675.6337953190655,0.024191965981166214,-0.0019441694349509894,1479.6555344955996,5.570792860335165,87.25609406773877,130.88673427527863,6379639.510914855,-1235.5272593552736,3175.8919201284248,0.02871498414150234,-0.011096316089374872,1503.426387947984,50.41674824320741,-218.17416124098293,148.8843549432619
20.85000000000046,6379637.0,-1165.9999999999818,3000.0,0.02712465968209011,-0.010471893333173842,1500.8166762804613,0.0,40.0,0.0,6379616.364031878,-212.11109264407978,2682.178485448329,0.024251139275712368,-0.0019049845160681914,1479.9351904690266,5.510638596365878,87.26582337031974,130.90089291306364,6379642.011281985,-1246.3445068657397,3183.146903949155,0.028780569060521417,-0.01119346180051172,1505.9324989737943,49.58519646729652,-214.4697566227626,141.3445066161603
20.900000000000027,6379637.0,-1163.999999999999,3000.0,0.027124659683653417,-0.010453931252384,1500.8163110557944,0.0,40.0,0.0,6379616.63805981,-207.74755639888312,2688.7238868113845,0.024310319007241187,-0.0018657952126139952,1480.2118485895917,5.450477504618663,87.2756411866133,130.91518361492888,6379644.468172657,-1256.969692122036,3190.029428665454,0.028842786521429426,-0.011288882595545452,1508.3949348377064,48.67953596667988,-210.49863960017947,133.985354232355
20.950000000000475,6379637.0,-1161.999999999981,3000.0,0.027124659685214048,-0.010435969171591786,1500.8159464588389,0.0,40.0,0.0,6379616.909102065,-203.38353237393434,2695.269997586839,0.024369505159282195,-0.0018266015325959614,1480.4855310637504,5.391211565748364,87.28533436608353,130.92926911886659,6379646.878153449,-1267.3904995528924,3196.548412621484,0.028901717180656226,-0.011382467878077424,1510.8102619973943,47.710350185527865,-206.3003716515465,126.80191318704992
21.00000000000003,6379637.0,-1159.9999999999989,3000.0,0.027124659686771982,-0.010418007090797845,1500.8155824886635,0.0,40.0,0.0,6379617.177180855,-199.0190215073021,2701.8168158940744,0.02442869771482861,-0.0017874034843782935,1480.7562601082027,5.331938933859465,87.29511484620535,130.943484874365,6379649.238276447,-1277.5964110080988,3202.7124830427506,0.02895743906011299,-0.011474123193807209,1513.1755326734856,46.68652526545267,-201.90752185971155,119.78768131549143
21.05000000000049,6379637.0,-1157.9999999999804,3000.0,0.02712465968832724,-0.01040004501000153,1500.8152191452682,0.0,40.0,0.0,6379617.442318404,-194.65402472822655,2708.364339826915,0.024487896656641715,-0.001748201076246431,1481.0240579498932,5.273561964490998,87.30477066864464,130.95749385168187,6379651.546001708,-1287.5783903239249,3208.5299213754665,0.02901002705330492,-0.01156376739766697,1515.4882072228938,45.61553645463501,-197.3469921720459,112.9354278271967
21.10000000000003,6379637.0,-1155.9999999999989,3000.0,0.027124659689879815,-0.0103820829292035,1500.814856428653,0.0,40.0,0.0,6379617.704536942,-190.28854300575222,2714.9125674197294,0.02454710196694439,-0.001708994316843833,1481.2889468157664,5.21517843732535,87.31451257457773,130.97163126174962,6379653.799132986,-1297.3286278110866,3214.008639982696,0.029059552714904832,-0.011651330359112734,1517.7460898216814,44.50369197003264,-192.64109395499207,106.23768019498524
21.150000000000507,6379637.0,-1153.9999999999798,3000.0,0.027124659691429704,-0.010364120848403094,1500.814494338818,0.0,40.0,0.0,6379617.963858689,-185.92257729563278,2721.461496682622,0.024606313627739334,-0.0016697832146951265,1481.5509489346296,5.1576903832576235,87.32412997857753,130.9855603623323,6379655.995764599,-1306.8403330879491,3219.156178021661,0.02910608422370913,-0.011736751101597328,1519.947275282815,43.35633561479406,-187.8084114324577,99.68701841126942
21.20000000000003,6379637.0,-1151.9999999999986,3000.0,0.027124659692976907,-0.010346158767600989,1500.8141328766942,0.0,40.0,0.0,6379618.220305873,-181.55612859354926,2728.011125566051,0.02466553162048913,-0.0016305677786840611,1481.810086532496,5.100195906879618,87.33383224573159,130.99961607190923,6379658.1342375,-1316.10756656965,3223.979708756751,0.02914968644895217,-0.011819976289206072,1522.0901051117107,42.17801301846979,-182.86449052660572,93.27624713085868
21.250000000000522,6379637.0,-1149.999999999979,3000.0,0.027124659694521432,-0.010328196686796508,1500.8137720404193,0.0,40.0,0.0,6379618.473900699,-177.18919787701682,2734.5614519970845,0.024724755926444148,-0.0015913480175317758,1482.0663818195462,5.043596049212245,87.34341036010942,131.01346197314703,6379660.213102871,-1325.1251017776997,3228.4860534132526,0.02919042107572767,-0.011900958990086039,1524.1731310775504,40.97260724735267,-177.8223879247313,86.99849083509484
21.300000000000033,6379637.0,-1147.9999999999986,3000.0,0.027124659696063272,-0.010310234605990348,1500.8134118309245,0.0,40.0,0.0,6379618.724665375,-172.82178616357163,2741.1124738429958,0.024783986526313306,-0.001552123940319373,1482.3198570031673,4.986989904800517,87.35307211500665,131.0274326559727,6379662.231091845,-1333.8883122311202,3232.681698493435,0.029228346761689342,-0.011979657660637882,1526.1950849182904,39.74344925005247,-172.6931095365383,80.84724083598871
21.350000000000538,6379637.0,-1145.9999999999784,3000.0,0.027124659697602423,-0.010292272525181802,1500.8130522500724,0.0,40.0,0.0,6379618.972622071,-168.45389444717222,2747.664188948039,0.024843223400596724,-0.001512895555916746,1482.5705342572182,4.931276892656619,87.36261028143913,131.04119204439948,6379664.187090226,-1342.3930780005212,3236.5728146410565,0.029263519307730475,-0.012056035306296915,1528.1548530571163,38.49340789371781,-167.48596184271102,74.81637250515536
21.400000000000034,6379637.0,-1143.9999999999986,3000.0,0.027124659699138895,-0.010274310444371599,1500.8126932960004,0.0,40.0,0.0,6379619.217792962,-164.08552376186347,2754.2165950965673,0.02490246652925209,-0.001473662873554337,1482.818435757421,4.875557729236837,87.37223086431995,131.05507438460927,6379666.080117283,-1350.6357080490143,3240.165275878493,0.029295991832015165,-0.012130058784092913,1530.051455391571,37.22496355158581,-162.2088347005903,68.90014446024591
21.450000000000554,6379637.0,-1141.999999999978,3000.0,0.02712465970067268,-0.010256348363559006,1500.8123349687085,0.0,40.0,0.0,6379619.460200169,-159.7166751120014,2760.7696900496803,0.024961715892026257,-0.0014344259021964955,1483.0635836292058,4.820729611499927,87.38172866645561,131.06874393329537,6379667.90930788,-1358.612875312921,3243.464678516065,0.02932581494103134,-0.012201698219623592,1531.8840274168178,35.9402684623395,-156.86843012098672,63.0931871854643
21.500000000000036,6379637.0,-1139.9999999999986,3000.0,0.02712465970220378,-0.01023838628274477,1500.8119772681966,0.0,40.0,0.0,6379619.699865823,-155.34734954206618,2767.32347150851,0.02502097146812302,-0.0013951846511684582,1483.3060000054538,4.765895477691496,87.39130766036499,131.08253460276657,6379669.673897353,-1366.3215621120305,3246.4763593316015,0.029353036894033707,-0.012270926516795778,1533.6518051065505,34.64119644789683,-151.470448319122,57.39048584459238
21.55000000000057,6379637.0,-1137.9999999999773,3000.0,0.0271246597037322,-0.010220424201928145,1500.811620194465,0.0,40.0,0.0,6379619.936811978,-150.9775480598208,2773.877937149951,0.025080233236526514,-0.0013559391294662507,1483.5457069408149,4.71194973350339,87.40076496160363,131.0961109430102,6379671.373208646,-1373.759013984392,3249.205412811798,0.029377703758993946,-0.0123377189432257,1535.3541120374575,33.32938405278403,-146.0197398305518,51.78736029513004
21.600000000000037,6379637.0,-1135.9999999999986,3000.0,0.027124659705257938,-0.010202462121109894,1500.8112637475133,0.0,40.0,0.0,6379620.171060699,-146.6072717131632,2780.4330845909044,0.025139501175677627,-0.0013166893464468816,1483.7827265039086,4.657998108027022,87.41030223014556,131.10980657300811,6379673.006641329,-1380.9227004243855,3251.656707365169,0.029399859559244276,-0.012402052777636235,1536.9903484182432,32.00626474808902,-140.52043054554946,46.27944419539832
21.650000000000585,6379637.0,-1133.9999999999766,3000.0,0.027124659706780987,-0.010184500040289247,1500.810907928273,0.0,40.0,0.0,6379620.402633968,-142.23652150503452,2786.98891142211,0.025198775263780202,-0.0012774353110641475,1484.0170806758106,4.604931676387538,87.41971922317481,131.12328625825123,6379674.57366218,-1387.8102813116743,3253.8349004937963,0.02941954641069994,-0.012463907008362815,1538.5599816646427,30.6730975072551,-134.97602501603987,40.862664374739346
21.70000000000004,6379637.0,-1131.9999999999984,3000.0,0.027124659708301354,-0.010166537959466992,1500.810552735813,0.0,40.0,0.0,6379620.631553771,-137.86529847849567,2793.545415174323,0.025258055478494888,-0.00123817703263269,1484.2487914506346,4.5518594976744575,87.42921496002528,131.1368834032992,6379676.073797074,-1394.419578051319,3255.7444529554396,0.029436804649947156,-0.012523262074169317,1540.0625382903963,29.330990797441046,-129.38949224108893,35.53322118411711
21.7500000000006,6379637.0,-1129.999999999976,3000.0,0.027124659709819036,-0.010148575878642343,1500.810198170133,0.0,40.0,0.0,6379620.857842001,-133.49360362179237,2800.102593349004,0.025317341797217088,-0.0011989145199754001,1484.4778807163239,4.499668805991946,87.43859223259253,131.1502628622848,6379677.506623977,-1400.7485486374273,3257.3896419774737,0.029451672953753137,-0.01258009964030038,1541.497596906498,27.980922820960384,-123.76333724574403,30.28757025501248
21.80000000000004,6379637.0,-1127.9999999999986,3000.0,0.02712465971133404,-0.010130613797816101,1500.8098442321643,0.0,40.0,0.0,6379621.081520557,-129.1214379632498,2806.6604433876787,0.025376634196799426,-0.0011596477822756503,1484.704370376654,4.447472500743828,87.44804702724974,131.16375795327494,6379678.871766875,-1406.7952659958582,3258.7745735993017,0.02946418845069193,-0.012634402403982187,1542.8647821443155,26.62375867880493,-118.09966108733231,25.122405926385472
21.850000000000616,6379637.0,-1125.9999999999754,3000.0,0.027124659712846357,-0.01011265171698746,1500.8094909200445,0.0,40.0,0.0,6379621.302611231,-124.74880246432966,2813.218962697858,0.025435932653786637,-0.0011203768281168548,1484.9282822255045,4.396153492399376,87.4573856507723,131.1770334280378,6379680.168890494,-1412.5578990840893,3259.903194231612,0.02947438682568568,-0.012686153924684754,1544.1637593824416,25.260264999166125,-112.40021139148055,20.034646501334425
21.90000000000004,6379637.0,-1123.9999999999984,3000.0,0.02712465971435599,-0.010094689636157244,1500.8091382347047,0.0,40.0,0.0,6379621.521135816,-120.37569812650787,2819.7781486271974,0.02549523714418143,-0.0010811016664423224,1485.149638062343,4.344829003161856,87.46680057714772,131.1904227101749,6379681.397695695,-1418.0346963164013,3260.7793015265984,0.02948230241831274,-0.012735338475267297,1545.3942301394418,23.89112247504623,-106.66642511862612,15.021421459861761
21.95000000000063,6379637.0,-1121.9999999999748,3000.0,0.02712465971586294,-0.010076727555324624,1500.8087861770764,0.0,40.0,0.0,6379621.737115991,-116.0021258693378,2826.3379984824915,0.025554547643616775,-0.0010418223054601545,1485.368459559977,4.294377164033673,87.47610222813557,131.20359017221406,6379682.557915455,-1423.2239709638839,3261.4065546605034,0.029487968315799615,-0.012781940910859017,1546.5559280570596,22.51693667746019,-100.89946495043941,10.080060753975856
22.000000000000043,6379637.0,-1119.9999999999982,3000.0,0.027124659717367206,-0.010058765474490448,1500.8084347462282,0.0,40.0,0.0,6379621.9505734425,-111.6280866522978,2832.89850951079,0.025613864127184603,-0.0010025387537375434,1485.5847684117034,4.243919975730027,87.4854789659609,131.21686962113873,6379683.649311353,-1428.124088238108,3261.7884841361947,0.02949141644167076,-0.012825946552860451,1547.6486153937876,21.138247454623084,-95.10025046524957,5.208086354883878
22.050000000000647,6379637.0,-1117.999999999974,3000.0,0.027124659718868783,-0.010040803393653866,1500.8080839430913,0.0,40.0,0.0,6379622.161529722,-107.25358133366605,2839.4596789085062,0.025673186569518773,-0.0009632510189333388,1485.7985861683264,4.19433035997807,87.49474609571031,131.22992465544996,6379684.671670495,-1432.7334538257903,3261.9285012243167,0.02949267764112854,-0.01286734108597578,1548.6720799403265,19.755537187817016,-89.26948511845762,0.4032062918433885
22.100000000000044,6379637.0,-1115.9999999999982,3000.0,0.02712465972036768,-0.010022841312815745,1500.8077337658033,0.0,40.0,0.0,6379622.370006391,-102.8786108115328,2846.0215038124484,0.025732514944713375,-0.0009239591090644642,1486.0099343946204,4.144735525703263,87.5040871002195,131.24308986121855,6379685.624802817,-1437.050503686563,3261.8299071755932,0.029491781764362124,-0.012906110466588717,1549.6261323336512,18.36923815506543,-83.40767997694094,-4.336688467764164
22.150000000000663,6379637.0,-1113.9999999999736,3000.0,0.027124659721863894,-0.010004879231975215,1500.8073842162266,0.0,40.0,0.0,6379622.577275238,-98.50358834914711,2852.583386638664,0.02579184384456212,-0.0008846667354516383,1486.220084621571,4.146018359915447,87.4968115452661,131.2322234141803,6379686.508538767,-1441.0736949771933,3261.4959023578895,0.029488757749174224,-0.012942240841254648,1550.5106037417427,16.979739252683128,-77.51517517055716,-9.013523817059365
22.200000000000045,6379637.0,-1111.9999999999982,3000.0,0.02712465972335742,-0.009986917151133161,1500.8070352943614,0.0,40.0,0.0,6379622.784608227,-94.12892964206071,2859.1447261764547,0.025851167828019626,-0.000845377631291061,1486.430308544077,4.1473012325531275,87.4895368902419,131.2213583272259,6379687.3227272825,-1444.8014980129656,3260.929595499175,0.0294836337045639,-0.012975718474507172,1551.3253438323736,15.587392351380494,-71.59216015989301,-13.6290383591173
22.25000000000068,6379637.0,-1109.9999999999727,3000.0,0.02712465972484827,-0.009968955070288695,1500.8066869992763,0.0,40.0,0.0,6379622.992005352,-89.7546348474911,2865.705522190534,0.02591048689295704,-0.0008060917979956163,1486.6406061546877,4.148583760025675,87.48225504286883,131.2104824631314,6379688.067234104,-1448.2323892414709,3260.134013251756,0.029476436997212415,-0.013006529685756638,1552.0702191023156,14.192518618669071,-65.63869418995885,-18.18477457959123
22.300000000000047,6379637.0,-1107.9999999999982,3000.0,0.027124659726336434,-0.009950992989442726,1500.80633933004,0.0,40.0,0.0,6379623.199466604,-85.38070412280278,2872.265774445394,0.025969801037243515,-0.0007668092369795081,1486.8509774422273,4.149866326021666,87.47497409703442,131.1996079615261,6379688.741940397,-1451.364845279649,3259.1121103295377,0.029467194343148578,-0.013034660795737302,1552.7451114989817,12.79541522934967,-59.65472874120897,-22.682064663185255
22.350000000000694,6379637.0,-1105.9999999999723,3000.0,0.027124659727821913,-0.00993303090859434,1500.805992288515,0.0,40.0,0.0,6379623.406991975,-81.00713762525316,2878.825482705688,0.02602911025874968,-0.0007275299496559782,1487.0614223973826,4.151148546416119,87.46768595554454,131.18872267780438,6379689.346741745,-1454.1973381720304,3257.866780495066,0.029455931907095577,-0.013060098083921444,1553.3499174164608,11.39636299189813,-53.640134335118425,-27.122010704877304
22.40000000000005,6379637.0,-1103.9999999999982,3000.0,0.027124659729304706,-0.009915068827744466,1500.8056458737701,0.0,40.0,0.0,6379623.614581459,-76.63393551225171,2885.384646735839,0.026088414555344056,-0.000688253937439633,1487.2719410089776,4.152430805431943,87.46039871720006,131.17783875897317,6379689.8815475525,-1456.728332155421,3256.4008686616653,0.02944267541189785,-0.013082827759462083,1553.8845471004024,9.995635490039687,-47.59473448941301,-31.505460193861925
22.45000000000071,6379637.0,-1101.9999999999718,3000.0,0.027124659730784813,-0.009897106746892174,1500.8053000867367,0.0,40.0,0.0,6379623.822235047,-72.26109794109593,2891.94326630044,0.026147713924896707,-0.000648981201744073,1487.4825332686305,4.1537127184094835,87.45310427989392,131.16694405304958,6379690.346280947,-1458.9562823558063,3254.717184282271,0.029427450259579296,-0.013102835949487999,1554.3489245632663,8.593510242216906,-41.51834935802457,-35.832979786775226
22.50000000000005,6379637.0,-1099.999999999998,3000.0,0.027124659732262243,-0.00987914466603841,1500.804954925552,0.0,40.0,0.0,6379624.029952731,-67.88862506924022,2898.5013411638465,0.026207008365275578,-0.0006097117439843074,1487.6931991633028,4.154994670106304,87.44581074733722,131.15605071441374,6379690.740879305,-1460.8796359297762,3252.8185159745804,0.029410281663576548,-0.013120108709351668,1554.742988113314,7.1902819262292095,-35.41084972908421,-40.10483334133648
22.550000000000725,6379637.0,-1097.999999999971,3000.0,0.027124659733736987,-0.009861182585182223,1500.8046103920788,0.0,40.0,0.0,6379624.237734505,-63.51651705402219,2905.05887109059,0.026266297874350163,-0.0005704455655742953,1487.9039386864752,4.15627627532776,87.43851001251305,131.1451465837102,6379691.065295465,-1462.4968361036554,3250.7076469645385,0.029391194788368116,-0.013134632058900041,1555.0666915765032,5.786276768272538,-29.27221786962598,-44.320972621324124
22.60000000000005,6379637.0,-1095.999999999998,3000.0,0.027124659735209045,-0.009843220504324587,1500.8042664853856,0.0,40.0,0.0,6379624.44558036,-59.144774052941344,2911.615855844958,0.0263255824499878,-0.0005311826679294499,1488.1147518232465,4.15755791936638,87.43121018403964,131.13424382268755,6379691.319499654,-1463.8063292469324,3248.387370508473,0.02937021488890713,-0.013146392045994867,1555.320006236434,4.381866001696888,-23.102606126016852,-48.48104844770464
22.65000000000074,6379637.0,-1093.9999999999704,3000.0,0.027124659736678422,-0.009825258423464524,1500.8039232054725,0.0,40.0,0.0,6379624.653490288,-54.77339622337541,2918.172295191421,0.026384862090057432,-0.0004919230524640895,1488.3256385670975,4.158839216492218,87.42390314999336,131.12333026462247,6379691.503481997,-1464.8065745571867,3245.860504181559,0.02934736743980146,-0.013155374833485594,1555.5029233489186,2.9774756342266766,-16.902380645543527,-52.584444571787444
22.700000000000053,6379637.0,-1091.9999999999977,3000.0,0.02712465973814511,-0.009807296342603022,1500.8035805532709,0.0,40.0,0.0,6379624.861464282,-50.40238372286901,2924.728188894199,0.026444136792425774,-0.0004526667205940313,1488.5365989068523,4.160120552533086,87.41659702389647,131.1124180786274,6379691.617255388,-1465.4960553317912,3243.1299020162755,0.029322678245053017,-0.013161566800432442,1555.6154570188373,1.5735904375833736,-10.672139996975638,-56.63032815056615
22.750000000000757,6379637.0,-1089.9999999999698,3000.0,0.027124659739609123,-0.009789334261739098,1500.803238526918,0.0,40.0,0.0,6379625.069502334,-46.03173670884011,2931.283536717701,0.026503406554961237,-0.00041341367373395383,1488.7476328304037,4.161401541223414,87.40928368892168,131.10149509061566,6379691.660858398,-1465.8732904802102,3240.1984639459697,0.029296173523431317,-0.013164954645490265,1555.657647122629,0.17075194907625318,-4.4127066287398575,-60.61770490146383
22.800000000000054,6379637.0,-1087.9999999999977,3000.0,0.027124659741070443,-0.00977137218087375,1500.8028971282765,0.0,40.0,0.0,6379625.277604436,-41.6614553388785,2937.838338426077,0.0265626713755299,-0.0003741639133000787,1488.9587403284386,4.162682568926614,87.40197126349214,131.09057347705888,6379691.634357968,-1465.936845054755,3237.0691426201533,0.02926787997008483,-0.01316552548147789,1555.629562006332,-1.230447854030636,1.8749022280160128,-64.5454675717557
22.850000000000772,6379637.0,-1085.999999999969,3000.0,0.027124659742529086,-0.009753410100005975,1500.8025563564152,0.0,40.0,0.0,6379625.485770581,-37.29153977044238,2944.3925937836766,0.02662193125199963,-0.00033491744070744466,1489.169921392575,4.163963248841178,87.39465162588007,131.07964105651186,6379691.537851729,-1465.685339032128,3233.744948102214,0.029237824799008244,-0.013163266914238842,1555.5313007989898,-2.629374786804564,8.189513662136653,-68.41243165348477
22.900000000000055,6379637.0,-1083.9999999999977,3000.0,0.02712465974398504,-0.009735448019136795,1500.8022162122652,0.0,40.0,0.0,6379625.694000761,-32.92199016116682,2950.9463025545824,0.026681186182235903,-0.0002956742573726787,1489.3811760107055,4.165243967866435,87.38733289940643,131.06871001280072,6379691.371469905,-1465.1174540888082,3230.22895111986,0.029206035772426458,-0.013158167103485968,1555.3629953339696,-4.02536056884738,14.529838981742138,-72.21735785562265
22.950000000000788,6379637.0,-1081.9999999999684,3000.0,0.027124659745438314,-0.009717485938265182,1500.801876693964,0.0,40.0,0.0,6379625.902294968,-28.552806668550325,2957.4994645030815,0.02674043616410602,-0.0002564343647111806,1489.5925041744485,4.166524338664623,87.38000695744604,131.05776815712628,6379691.13537684,-1464.2319384828752,3226.524285469885,0.02917254122253445,-0.013150214806641147,1555.1248116670176,-5.417709669002633,20.894508974343367,-75.95896398790826
23.000000000000057,6379637.0,-1079.9999999999977,3000.0,0.027124659746888904,-0.009699523857392185,1500.8015378033742,0.0,40.0,0.0,6379626.1106531955,-24.183989450273263,2964.052079393187,0.026799681195474833,-0.0002171977641399828,1489.8039058716968,4.167804748671301,87.3726819282145,131.04682768066453,6379690.829772226,-1463.0276103357614,3222.634150023842,0.029137370069630377,-0.013139399408305795,1554.8169513083994,-6.805704499524716,27.282102541855146,-79.63592960233551
23.050000000000804,6379637.0,-1077.999999999968,3000.0,0.027124659748336808,-0.00968156177651675,1500.8011995395645,0.0,40.0,0.0,6379626.3190754345,-19.815538663874534,2970.604146989126,0.026858921274209115,-0.00017796445707484666,1490.0153810922056,4.169084810012136,87.3653496801924,131.035876387267,6379690.454892108,-1461.5033596477583,3218.5618106223997,0.029100551839243486,-0.013125710938360046,1554.4396522296593,-8.188609025622336,33.69116883339215,-83.24689615636558
23.10000000000006,6379637.0,-1075.9999999999977,3000.0,0.027124659749782034,-0.00966359969563995,1500.800861902535,0.0,40.0,0.0,6379626.527561679,-15.447454467079849,2977.155667054844,0.026918156398173087,-0.0001387344449332107,1490.226929826662,4.170364910659239,87.35801834648684,131.0249264754548,6379690.011009743,-1459.658149349239,3214.310602033807,0.029062116679842594,-0.013109140081402425,1553.9931897222996,-9.565671034750748,40.12024389440541,-86.7904645617474
23.15000000000082,6379637.0,-1073.9999999999673,3000.0,0.027124659751224568,-0.009645637614760706,1500.8005248932168,0.0,40.0,0.0,6379626.7361119175,-11.079737017468547,2983.706639354504,0.026977386565232953,-9.950772913119839e-05,1490.4385520629585,4.171644662201386,87.35067979068728,131.01396574173492,6379689.49843638,-1457.491015630778,3209.883930074984,0.029022095382015636,-0.013089678179713852,1553.4778771782294,-10.936123337528855,46.5678630450716,-90.26519122667997
23.20000000000006,6379637.0,-1071.9999999999977,3000.0,0.02712465975266442,-0.009627675533880114,1500.80018851161,0.0,40.0,0.0,6379626.944726146,-6.71238647281176,2990.2570636519845,0.027036611773252336,-6.0284311086654945e-05,1490.6502477936447,4.172924453147551,87.34334215078924,131.00300639196902,6379688.917521988,-1455.0010677386529,3205.2852739562436,0.028980519399671546,-0.013067317231420754,1552.8940668199211,-12.299184131748989,53.032570065313074,-93.66958317458779
23.250000000000835,6379637.0,-1069.9999999999666,3000.0,0.02712465975410159,-0.009609713452997078,1500.799852755852,0.0,40.0,0.0,6379627.153404354,-2.3454029907293226,2996.8069397113873,0.027095832020096886,-2.106419221606628e-05,1490.8620170047507,4.174203894549308,87.33599728549412,130.99203621532408,6379688.268656,-1452.1874873720365,3200.5181888860925,0.028937420873593907,-0.013042049885081336,1552.2421504398808,-13.654056705675291,59.51292404639203,-97.00209250596774
23.30000000000006,6379637.0,-1067.9999999999977,3000.0,0.02712465975553608,-0.009591751372112713,1500.7995176268741,0.0,40.0,0.0,6379627.362146536,2.0212132709621558,3003.3562672965213,0.027155047303629602,1.8152626062315097e-05,1491.073859688826,4.175483375452812,87.32865333768277,130.98106742499755,6379687.552268074,-1449.049527782891,3195.5863089685995,0.028892832657640036,-0.01301386943160217,1551.522560168989,-14.999928602525614,66.00750454449893,-100.26111028124137
23.35000000000085,6379637.0,-1065.999999999966,3000.0,0.02712465975696788,-0.009573789291225893,1500.7991831246763,0.0,40.0,0.0,6379627.570952684,6.387462154602285,3009.9050461714282,0.027214257621715584,5.736614233164024e-05,1491.2857758337632,4.176762506372118,87.3213021611717,130.97008780282118,6379686.768828911,-1445.5865126500287,3190.4933504202722,0.0288467883478288,-0.01298276979412689,1550.735769290477,-16.33597032545712,72.51491549817192,-103.44495980183142
23.400000000000063,6379637.0,-1063.9999999999975,3000.0,0.027124659758397,-0.009555827210337766,1500.79884925019,0.0,40.0,0.0,6379627.779822786,10.753343502328923,3016.4532760998463,0.027273462972217197,9.657635517324893e-05,1491.4977654302493,4.1780416768908735,87.31395190372389,130.95910956932363,6379685.9188511465,-1441.7978347821131,3185.24311514085,0.028799322314628464,-0.012948745516388829,1549.8822931256145,-17.661333626961813,79.03378822714853,-106.55188920414362
23.450000000000866,6379637.0,-1061.9999999999654,3000.0,0.027124659759823432,-0.009537865129447185,1500.7985160015523,0.0,40.0,0.0,6379627.98875684,15.118857156441065,3023.0009568457563,0.027332663352998998,0.0001357832631699286,1491.7098284671083,4.179320496985298,87.30659441427412,130.948120499006,6379685.002890343,-1437.6829546880497,3179.839494672734,0.028750469738758035,-0.012911791749872918,1548.9626900441945,-18.97514940164287,85.56278373433679,-109.58006324812115
23.500000000000064,6379637.0,-1059.9999999999975,3000.0,0.027124659761247186,-0.009519903048555305,1500.7981833806261,0.0,40.0,0.0,6379628.197754837,19.48400295903098,3029.548088172827,0.027391858761922714,0.00017498686490261076,1491.9219649359584,4.180599356776853,87.29923784546436,130.93713281972344,6379684.021546089,-1433.2413990476043,3174.2864745954894,0.028700266650922228,-0.01287190424008174,1547.9775625457987,-20.276525178805432,92.10059445049654,-112.52755415276934
23.550000000000882,6379637.0,-1057.9999999999645,3000.0,0.027124659762668254,-0.009501940967660973,1500.79785138648,0.0,40.0,0.0,6379628.4068167675,23.848780752356987,3036.0946698449784,0.027451049196852352,0.00021418715895371872,1492.1341748256236,4.181877865703607,87.29187404135077,130.9261342986512,6379682.975463246,-1428.4727591057401,3168.5881394045023,0.02864874997592348,-0.0128290793121166,1546.9275585198775,-21.564542195386835,98.64594551112147,-115.39233131117186
23.600000000000065,6379637.0,-1055.9999999999973,3000.0,0.027124659764086637,-0.009483978886765361,1500.7975200200453,0.0,40.0,0.0,6379628.6159426235,28.21319037846571,3042.6407016258095,0.02751023465564904,0.00025338414390377534,1492.3464581230655,4.183156414425147,87.28451115945118,130.91513717096615,6379681.865333336,-1423.3766890150437,3162.748677937352,0.02859595758172584,-0.012783313855792589,1545.8133726231754,-22.838252012827162,105.19759560422717,-118.17224969009871
23.650000000000897,6379637.0,-1053.999999999964,3000.0,0.027124659765502334,-0.009466016805867294,1500.797189281322,0.0,40.0,0.0,6379628.825132398,32.57723167957473,3049.1861832791787,0.027569415136176213,0.0002925778183348392,1492.5588148217648,4.18443461184107,87.27714103894628,130.90412919652226,6379680.6918961285,-1417.9529041450346,3156.7723894161754,0.028541928334087734,-0.012734605310456263,1544.6357478816062,-24.096672628029726,111.75433739803815,-120.86503669418794
23.700000000000067,6379637.0,-1051.9999999999973,3000.0,0.027124659766915353,-0.009448054724967962,1500.7968591684476,0.0,40.0,0.0,6379629.034386084,36.940904497684954,3055.7311145686167,0.027628590636294355,0.0003317681808270237,1492.7712449096143,4.185712849149408,87.26977184222667,130.89312261781362,6379679.455941425,-1412.2011793824856,3150.6636901920515,0.028486702157541528,-0.012682951649722654,1543.39547746256,-25.338784012144945,118.31499751810001,-123.46827723758064
23.750000000000913,6379637.0,-1049.9999999999636,3000.0,0.027124659768325687,-0.009430092644066171,1500.7965296823531,0.0,40.0,0.0,6379629.2437036745,41.30420867497318,3062.275495257918,0.02768776115386636,0.00037095522996202226,1492.9837483773008,4.186990734710978,87.26239540360064,130.88210518737762,6379678.158311083,-1406.1213474438523,3144.427121285163,0.028430320103567365,-0.0126283513663211,1542.093406711705,-26.56352299579586,124.87843601820299,-125.97939672715846
23.800000000000068,6379637.0,-1047.9999999999973,3000.0,0.02712465976973333,-0.009412130563163132,1500.7962008239701,0.0,40.0,0.0,6379629.453085159,45.66714405339455,3068.819325110546,0.027746926686752108,0.0004101389643195386,1493.1963252108544,4.188268660262569,87.25501989032841,130.87108915502074,6379676.799901321,-1399.7132972302838,3138.0673568368643,0.028372824427011153,-0.012570803457323417,1540.730435452424,-27.769777399378793,131.44354524829424,-128.39564160749964
23.85000000000093,6379637.0,-1045.9999999999627,3000.0,0.027124659771138298,-0.009394168482257631,1500.795872591436,0.0,40.0,0.0,6379629.662530531,50.029710475085004,3075.362603890233,0.02780608723281391,0.00044931938248090047,1493.4089754065499,4.1895462336258955,87.24763713184909,130.86006226596848,6379675.381665329,-1392.9769722553362,3131.5892136022494,0.028314258671909315,-0.012510307410024991,1539.307520600967,-28.95637928701644,138.00924799013646,-130.7140570577893
23.90000000000007,6379637.0,-1043.9999999999973,3000.0,0.02712465977254058,-0.009376206401350904,1500.795544986613,0.0,40.0,0.0,6379629.872039784,54.391907781953854,3081.905331360372,0.027865242789911024,0.000488496483025401,1493.621698946692,4.190823847076821,87.24025530028936,130.8490367773351,6379673.904616253,-1385.9123691896787,3124.9976616409003,0.02825466776814559,-0.012446863188876436,1537.825679158792,-30.122097195651556,144.57449467666356,-132.9314613513469
23.950000000000944,6379637.0,-1041.9999999999623,3000.0,0.02712465977394017,-0.009358244320441708,1500.7952180095017,0.0,40.0,0.0,6379630.081612908,58.753735816096146,3088.447507284634,0.0279243933559052,0.0005276702645340018,1493.834495825693,4.192101107897648,87.23286622022218,130.83800042703893,6379672.369830583,-1378.5195365707657,3118.2978363833145,0.02819409814054488,-0.012380471223896643,1536.2859915941954,-31.265627161131626,151.13825945817769,-135.0444162969907
24.00000000000007,6379637.0,-1039.9999999999973,3000.0,0.02712465977533709,-0.009340282239531303,1500.794891658239,0.0,40.0,0.0,6379630.291249895,63.11519441937531,3094.9891314263423,0.027983538928655086,0.0005668407255855854,1494.0473660314456,4.193378408903625,87.22547806863761,130.82696547949723,6379670.778452034,-1370.7985737465167,3111.495052289449,0.028132597832360454,-0.012311132401187199,1534.6896057389677,-32.38558232448247,157.69953479424902,-137.04919306349535
24.05000000000096,6379637.0,-1037.9999999999616,3000.0,0.027124659776731317,-0.009322320158618428,1500.7945659346879,0.0,40.0,0.0,6379630.500950739,67.47628343384537,3101.5302035491054,0.028042679506021868,0.0006060078647607463,1494.2603095527738,4.194655356837326,87.21808266524566,130.81591966532588,6379669.131695989,-1362.7496301327003,3104.594818346883,0.028070216645392245,-0.01223884805626385,1533.0377412280068,-33.48048085692695,164.2573241567383,-138.9417325494024
24.100000000000072,6379637.0,-1035.999999999997,3000.0,0.027124659778122864,-0.009304358077704357,1500.7942408379167,0.0,40.0,0.0,6379630.710715431,71.83700270132385,3108.0707234161778,0.028101815085863544,0.0006451716806379554,1494.4733263803646,4.195932345053703,87.2106881918966,130.8048752562405,6379667.430854587,-1354.3729048958762,3097.6028557096597,0.028007006299458008,-0.0121636199712095,1531.3316946029663,-34.54873188452611,170.81063228893296,-140.7175992843395
24.150000000000976,6379637.0,-1033.999999999961,3000.0,0.027124659779511725,-0.009286395996787815,1500.7939163679257,0.0,40.0,0.0,6379630.920543963,76.19735206382379,3114.6106907911058,0.02816094566604076,0.0006843321717974405,1494.6864165049046,4.197208979755285,87.20328646344062,130.79381997555916,6379665.6773025775,-1345.6686471970374,3090.525117827081,0.02794302061437467,-0.012085450376862312,1529.5728451581672,-35.58861902510129,177.35845229555682,-142.37192763702774
24.200000000000074,6379637.0,-1031.9999999999968,3000.0,0.027124659780897904,-0.009268433915870095,1500.7935925247148,0.0,40.0,0.0,6379631.130436329,80.55733136311665,3121.1501054370733,0.028220071244410897,0.0007234893368172601,1494.8995799133554,4.19848565483704,87.19588566658503,130.7827661022911,6379663.872504066,-1336.6371571821812,3083.3678134871,0.027878315718289037,-0.012004341961711337,1527.7626617131755,-36.598281063059886,183.89974859218688,-143.89935884113441
24.25000000000099,6379637.0,-1029.9999999999604,3000.0,0.027124659782281398,-0.009250471834949904,1500.7932693092152,0.0,40.0,0.0,6379631.34039252,84.91694044117436,3127.688967117565,0.028279191818834003,0.0007626431742772741,1495.1128165982664,4.199761975961141,87.18847761132336,130.77170135246135,6379662.01802031,-1327.2787879527136,3076.1374332731984,0.02781295028686794,-0.011920297889591244,1525.9027104107663,-37.57568918289842,190.4334344267163,-145.2939670313331
24.300000000000075,6379637.0,-1027.999999999997,3000.0,0.027124659783662207,-0.00923250975402855,1500.7929467204958,0.0,40.0,0.0,6379631.550412526,89.27617913972237,3134.2272755956956,0.028338307387166868,0.0008017936827551289,1495.326126546599,4.201038337562885,87.18107048921684,130.76063801236808,6379660.115518756,-1317.5939488334689,3068.8407800416317,0.027746985818834242,-0.011833321829029965,1523.994663760066,-38.518620050099486,196.95834223708457,-146.54917208801749
24.350000000001007,6379637.0,-1025.9999999999598,3000.0,0.027124659785040334,-0.009214547673104716,1500.7926247585565,0.0,40.0,0.0,6379631.7604963435,93.63504730069147,3140.765030634887,0.02839741794726898,0.0008409408608303158,1495.53950974904,4.20231434476377,87.17365610540544,130.74956379074789,6379658.166783539,-1307.5831103467767,3061.4850041392583,0.027680486954359738,-0.011743417997917189,1522.0403111642227,-39.42462386779445,203.47318451212453,-147.65763661524446
24.400000000000077,6379637.0,-1023.9999999999969,3000.0,0.027124659786415775,-0.009196585592179741,1500.7923034233972,0.0,40.0,0.0,6379631.970643962,97.99354476576097,3147.3022319981837,0.02845652349699644,0.0008800847070800682,1495.752966195345,4.203590392539742,87.16624265630118,130.73849098118322,6379656.173727729,-1297.2468114484195,3054.07764423825,0.02761352184423704,-0.011650591228485512,1520.0415711784735,-40.290986339925816,209.9765019792349,-148.61114380350543
24.450000000001022,6379637.0,-1021.9999999999591,3000.0,0.027124659787788538,-0.009178623511252286,1500.791982715018,0.0,40.0,0.0,6379632.180855373,102.35167137682043,3153.8388794489456,0.028515624034208247,0.0009192252200835089,1495.9664958743379,4.204866085471309,87.15882194219367,130.72740728512696,6379654.1384076625,-1286.5856697562022,3046.626674834252,0.02754616257929179,-0.011554847059166599,1518.0005058562383,-41.11468323403485,216.4665947896082,-149.4004522566732
24.500000000000078,6379637.0,-1019.9999999999969,3000.0,0.027124659789158612,-0.009160661430323706,1500.7916626343504,0.0,40.0,0.0,6379632.39113057,106.709426975503,3160.3749727501468,0.028574719556759852,0.0009583623984174572,1496.180098774843,4.206141819075377,87.15140216434247,130.71632500344109,6379652.06303976,-1275.6003957685782,3039.1405616782517,0.027478485691518728,-0.011456191862280035,1515.9193376041949,-41.89232595438628,222.94143074230152,-150.01512308986042
24.550000000001038,6379637.0,-1017.9999999999584,3000.0,0.027124659790526005,-0.009142699349392637,1500.7913431804627,0.0,40.0,0.0,6379632.601469546,111.06681140365694,3166.9105116650844,0.028633810062509653,0.000997496240660666,1496.3937748903409,4.207417197391151,87.14397511819006,130.70523183029957,6379649.950020329,-1264.2918124101534,3031.6283266589935,0.027410572740654414,-0.011354633019560587,1513.8004690092057,-42.620096213854,229.3985223195555,-150.44331376957336
24.60000000000008,6379637.0,-1015.9999999999968,3000.0,0.027124659791890715,-0.009124737268460465,1500.7910243542865,0.0,40.0,0.0,6379632.81187229,115.42382450286921,3173.4454959566633,0.028692895549312505,0.0010366267453895419,1496.6075242049992,4.208692616476811,87.13654900984044,130.6941400738392,6379647.801948951,-1252.6608817409312,3024.09962395893,0.027342511002667057,-0.011250179162020285,1511.6465062554926,-43.293667544858884,235.8347610897199,-150.6715323507034
24.650000000001054,6379637.0,-1013.9999999999579,3000.0,0.027124659793252733,-0.009106775187525803,1500.7907061548904,0.0,40.0,0.0,6379633.022338797,119.78046611494672,3179.9799253881183,0.028751976015026243,0.001075753911182467,1496.8213467141613,4.209967679829947,87.12911562989194,130.6830374209596,6379645.621656181,-1240.7087413320032,3016.5648296314403,0.02727439427957945,-0.011142840496621703,1509.4602868855,-43.90811106358832,242.24619351268902,-150.68434516223348
24.70000000000008,6379637.0,-1011.9999999999968,3000.0,0.02712465979461208,-0.00908881310659005,1500.790388581343,0.0,40.0,0.0,6379633.232869059,124.1367360814301,3186.5137997222837,0.02881105145750507,0.0011148777366154327,1497.0352424019948,4.211242784050326,87.12168318928991,130.67193618706764,6379643.41223641,-1228.4367537734583,3009.035147107201,0.027206323853297135,-0.011032629250888167,1507.244912696071,-44.45778269060726,248.62771578710544,-150.4640309918418
24.75000000000107,6379637.0,-1009.9999999999573,3000.0,0.027124659795968734,-0.009070851025651807,1500.790071635507,0.0,40.0,0.0,6379633.443463067,128.4926342440849,3193.0471187223297,0.028870121874606254,0.0011539982202664516,1497.2492112601176,4.212517532093603,87.11424347379179,130.6608240517935,6379641.177086878,-1215.8465740960241,3001.522731449512,0.027138409608933545,-0.010919560278393244,1505.0037888232619,-44.93618914138518,254.97265642861885,-149.99017617927052
24.800000000000082,6379637.0,-1007.9999999999967,3000.0,0.027124659797322707,-0.00905288894471249,1500.7897553164512,0.0,40.0,0.0,6379633.654120813,132.84816044440544,3199.5798821510225,0.0289291872641834,0.0011931153607111,1497.4632532792166,4.213792321101449,87.10680469918101,130.64971333780943,6379638.919953979,-1202.9402417626561,2994.0408353788184,0.027070771354935453,-0.010803651884908894,1502.7406701371074,-45.33583082050277,261.2722028640277,-149.23920917326657
24.850000000001085,6379637.0,-1005.9999999999566,3000.0,0.02712465979867399,-0.009034926863770679,1500.7894396251068,0.0,40.0,0.0,6379633.86484229,137.2033145241157,3206.1120897714704,0.028988247624093178,0.0012322291565270182,1497.6773684481159,4.215066753487276,87.09935864637728,130.63859171748067,6379636.644987973,-1189.7203064557468,2986.6039799399737,0.027003540365986282,-0.010684926958068287,1500.4597160220146,-45.64802203195715,267.5146116265683,-148.18388264830165
24.900000000000084,6379637.0,-1003.9999999999966,3000.0,0.0271246598000226,-0.00901696478282781,1500.789124559611,0.0,40.0,0.0,6379634.07562749,141.5580963246637,3212.6437413463673,0.029047302952188565,0.0012713396062893681,1497.8915567547083,4.216341226934969,87.09191353599904,130.6274715207402,6379634.356807184,-1176.1900004390868,2979.2281518538475,0.026936861167142473,-0.01056341451531382,1498.1655547032133,-45.86269401157797,273.68412033908646,-146.79273086295487
24.9500000000011,6379637.0,-1001.999999999956,3000.0,0.027124659801368523,-0.008999002701882447,1500.7888101218268,0.0,40.0,0.0,6379634.286476404,145.91250568773188,3219.174836638759,0.029106353246325677,0.0013104467085754184,1498.105818190612,4.217615343315382,87.08446114413137,130.61634041269318,6379632.060572144,-1162.3534749578985,2971.9310273550823,0.026870893557409903,-0.010439151826971133,1495.8633575234562,-45.96819660094216,279.7594550677376,-145.0295675314125
25.000000000000085,6379637.0,-999.9999999999966,3000.0,0.027124659802711757,-0.008981040620936043,1500.7884963108227,0.0,40.0,0.0,6379634.497389025,150.26654245472173,3225.70537541127,0.029165398504356854,0.0013495504619599143,1498.3201527409256,4.218889500854927,87.07700969622455,130.60521073052848,6379629.762069022,-1148.2161240500523,2964.7322175094,0.02680581482749605,-0.010312187324368645,1493.558922516182,-45.951133902922024,285.71180521337357,-142.85315789950238
25.050000000001116,6379637.0,-997.9999999999553,3000.0,0.02712465980405231,-0.00896307853998714,1500.78818312753,0.0,40.0,0.0,6379634.708365345,154.62020646727422,3232.235357426882,0.02922443872413763,0.0013886508650197524,1498.5345604028553,4.220163300881583,87.0695509635322,130.59407013209588,6379627.4677990405,-1133.7850256652064,2957.653520607728,0.026741822041528807,-0.010182584561515676,1491.2587639968842,-45.79630400219549,291.5021379519847,-140.217316364011
25.100000000000087,6379637.0,-995.9999999999965,3000.0,0.02712465980539018,-0.008945116459037214,1500.787870570086,0.0,40.0,0.0,6379634.919405356,158.97349756674424,3238.7647824481483,0.0292834739035197,0.0014277479163292612,1498.7490411605686,4.22143714216461,87.06209317633325,130.58293096183547,6379625.185065766,-1119.069535211261,2950.7191503118606,0.02667913409954537,-0.010050427545764974,1488.9702000403777,-45.48687004294919,297.07778733397856,-137.0718678840787
25.150000000001132,6379637.0,-993.9999999999546,3000.0,0.027124659806725366,-0.008927154378084785,1500.7875586403534,0.0,40.0,0.0,6379635.130509051,163.32641559473112,3245.2936502379894,0.02934250404035807,0.0014668416144649648,1498.9635950028896,4.222710625488795,87.05462810105307,130.57178087034634,6379622.922043853,-1104.0820654400904,2943.9558800629534,0.02661799304294622,-0.009915827742053488,1486.701421382837,-45.00497315554934,302.3684634911663,-133.36517053536053
25.200000000000088,6379637.0,-991.9999999999965,3000.0,0.027124659808057866,-0.008909192297131352,1500.787247337401,0.0,40.0,0.0,6379635.34167642,167.67896039254313,3251.821960558888,0.029401529132503785,0.001505931958000774,1499.1782219214365,4.223984150166555,87.04716397279607,130.5606322093151,6379620.687799854,-1088.8390684448411,2937.393002519432,0.02655866368772244,-0.009778932892418978,1484.461512326263,-44.33309128724619,307.28232085210846,-129.04916043613588
25.250000000001148,6379637.0,-989.9999999999542,3000.0,0.027124659809387688,-0.008891230216175413,1500.7869366612285,0.0,40.0,0.0,6379635.552907457,172.03113180173793,3258.3497131737013,0.029460549177811268,0.0015450189455128397,1499.392921906896,4.225257316439178,87.03969255316251,130.54947262209484,6379618.492219175,-1073.3621825502914,2931.061952320671,0.026501430213998117,-0.009639937316595234,1482.2603776687756,-43.45648406531156,311.7036375147884,-124.0879045403238
25.30000000000009,6379637.0,-987.9999999999964,3000.0,0.027124659810714824,-0.008873268135218486,1500.7866266118363,0.0,40.0,0.0,6379635.764202152,176.3829296635772,3264.87690784484,0.029519564174130927,0.0015841025755746554,1499.6076949452981,4.22653052416255,87.03222208207912,130.53831446761396,6379616.345779464,-1057.6793987207757,2924.9954053832716,0.026446588023216058,-0.009499092388133096,1480.1085157850757,-42.36688259506942,315.49489776815955,-118.46990001597455
25.350000000001163,6379637.0,-985.9999999999535,3000.0,0.02712465981203927,-0.008855306054259049,1500.7863171901554,0.0,40.0,0.0,6379635.975560499,180.73435381957674,3271.4035443350976,0.029578574119316622,0.0016231828467619977,1499.8225410291925,4.227803373034143,87.02474431632419,130.52714538198435,6379614.259116078,-1041.8259376648286,2919.225703738931,0.026394429497974426,-0.009356714412555606,1478.0165834417567,-41.066966529072964,318.5068249663786,-112.2221884162901
25.40000000000009,6379637.0,-983.9999999999962,3000.0,0.027124659813361037,-0.008837343973298642,1500.7860083952546,0.0,40.0,0.0,6379636.18698249,185.08540411095157,3277.9296224068157,0.029637579011218114,0.001662259757647942,1500.0374601446092,4.229076263453626,87.01726750064365,130.51597773137146,6379612.242373549,-1025.8443767650308,2913.7826347068412,0.02634522392485047,-0.009213185768388622,1475.994746176526,-39.57411675041855,320.5983588516835,-105.42094453815405
25.45000000000118,6379637.0,-981.9999999999528,3000.0,0.027124659814680124,-0.008819381892335722,1500.785700227134,0.0,40.0,0.0,6379636.398468116,189.43608037917573,3284.455141822725,0.02969657884768871,0.0017013333068078907,1500.2524522840977,4.230348794574344,87.00978338699701,130.50479914465066,6379610.304435852,-1009.7835851099464,2908.6909268609616,0.02629919485702769,-0.009068945343729378,1474.0519071640447,-37.92113838825778,321.6632344522124,-98.19107440843781
25.500000000000092,6379637.0,-979.9999999999964,3000.0,0.02712465981599652,-0.008801419811371851,1500.7853926867247,0.0,40.0,0.0,6379636.61001737,193.7863824654174,3290.9801023450946,0.029755573626577523,0.0017404034928145,1500.4675174374133,4.231621367340063,87.00230022494617,130.49362199521966,6379608.452233218,-993.6963669639457,2903.9681448054953,0.02625650108239625,-0.008924467372938135,1472.1950126644224,-36.15239443178487,321.65308492248545,-90.69059739152132
25.550000000001194,6379637.0,-977.9999999999523,3000.0,0.02712465981731024,-0.008783457730405463,1500.7850857721642,0.0,40.0,0.0,6379636.821630244,198.13631021110874,3297.5045037365917,0.029814563345737278,0.0017794703142427976,1500.6826555905864,4.232893580359684,86.99480976163501,130.48243390472214,6379606.690342283,-977.6362842818329,2899.623669117238,0.02621722740203496,-0.008780232899705606,1470.4286511903629,-34.316331203644516,320.5857708217419,-83.08433592236968
25.600000000000094,6379637.0,-975.9999999999961,3000.0,0.02712465981862127,-0.008765495649438137,1500.7847794862464,0.0,40.0,0.0,6379637.033306729,202.4858634573711,3304.028345759417,0.029873548003016486,0.0018185337696650205,1500.8978667352349,4.234165835121383,86.98732025143826,130.4712472537833,6379605.020983269,-961.6545268816834,2895.6590220793787,0.02618138757515521,-0.0086367016674892,1468.7550503900275,-32.45766219083442,318.535519306503,-75.51836194628088
25.65000000000121,6379637.0,-973.9999999999516,3000.0,0.027124659819929616,-0.008747533568468295,1500.7844738261774,0.0,40.0,0.0,6379637.245046818,206.83504204559472,3310.5516281761716,0.02993252759626727,0.001857593857655821,1501.113150860183,4.235437729689307,86.9798234366874,130.46004965681985,6379603.444348804,-945.7975995994889,2892.0692359460677,0.02614893668886016,-0.008494291346845574,1467.1744062155485,-30.612255512694613,315.6117658633239,-68.10481833494177
25.700000000000095,6379637.0,-971.9999999999961,3000.0,0.027124659821235284,-0.008729571487497534,1500.7841687928885,0.0,40.0,0.0,6379637.456850502,211.18384581685407,3317.074350748985,0.029991502123337482,0.0018966505767870163,1501.3285079570487,4.236709666096351,86.97232757656677,130.4488535016798,6379601.959097983,-930.1061263249002,2888.844666720492,0.026119787555438846,-0.008353366793377665,1465.6853777254,-28.80558675169746,311.93714949410787,-60.91895053705855
25.750000000001226,6379637.0,-969.9999999999509,3000.0,0.027124659822538262,-0.00871160940652425,1500.783864387311,0.0,40.0,0.0,6379637.668717775,215.5322746124974,3323.5965132403962,0.030050471582078696,0.0019357039256328815,1501.5439380118623,4.237981241861598,86.96482440859855,130.43764639555758,6379600.5628578225,-914.6146230963498,2885.9727320325464,0.026093826423430482,-0.008214238008949278,1464.2855893727392,-27.053753263742948,307.6313616254478,-54.00424097426627
25.800000000000097,6379637.0,-967.9999999999961,3000.0,0.02712465982383856,-0.008693647325550068,1500.7835606075823,0.0,40.0,0.0,6379637.880648627,219.88032827355215,3330.118115412463,0.030109435970338126,0.001974753902764814,1501.759441016242,4.239252859562973,86.95732219677356,130.42644073351923,6379599.252641316,-899.3518954706976,2883.4393000987325,0.026070925534305258,-0.008077163709754113,1462.9720498453826,-25.36558277491224,302.80221660695275,-47.38051903377375
25.85000000000124,6379637.0,-965.9999999999504,3000.0,0.02712465982513617,-0.008675685244573359,1500.783257455565,0.0,40.0,0.0,6379638.092643051,224.22800664132453,3336.6391570276596,0.030168395285966758,0.002013800506756713,1501.9750169590116,4.240524116174182,86.94981267380794,130.41522411554172,6379598.025155546,-884.3417339605171,2881.229673145843,0.026050952012932366,-0.007942357571571001,1461.7414607983083,-23.744806944694016,297.54229263368586,-41.0517187830569
25.900000000000098,6379637.0,-963.9999999999961,3000.0,0.0271246598264311,-0.008657723163595766,1500.7829549303278,0.0,40.0,0.0,6379638.304701039,228.57530955679508,3343.1596378479744,0.030227349526811182,0.0020528437361795548,1502.1906658299267,4.241795414818498,86.9423041084958,130.4040089439044,6379596.8770100605,-869.6036862099861,2879.3292226730246,0.026033773610537086,-0.0078099951643989165,1460.5904256720096,-22.19184117663952,291.9288865677755,-35.01195699922424
25.950000000001257,6379637.0,-961.9999999999498,3000.0,0.027124659827723347,-0.008639761082615643,1500.7826530318707,0.0,40.0,0.0,6379638.516822582,232.92223686122782,3349.679557635817,0.03028629869072181,0.0020918835896068617,1502.4063876168802,4.24306635192393,86.93478822875029,130.39278281137138,6379595.804848446,-855.1537865962218,2877.723766941023,0.026019262117302072,-0.007680220504863061,1459.515581597574,-20.705079203635243,286.02554139052165,-29.249798753158345
26.0000000000001,6379637.0,-959.9999999999961,3000.0,0.02712465982901291,-0.008621799001634657,1500.782351761125,0.0,40.0,0.0,6379638.729007674,237.26878839555621,3356.198916153104,0.030345242775544564,0.0021309200656091875,1502.6221823114902,4.244337331159408,86.92727330816567,130.38155812743062,6379594.80542603,-841.0051933799367,2876.3997737434634,0.026007295195461612,-0.007553151778407205,1458.5136773176491,-19.281770257865592,279.88409723820547,-23.751048134093708
26.050000000001273,6379637.0,-957.9999999999491,3000.0,0.027124659830299783,-0.008603836920651135,1500.7820511171594,0.0,40.0,0.0,6379638.941256306,241.61496400100202,3362.717713162183,0.030404181779129288,0.002169953162759676,1502.838049900718,4.245607948406939,86.91975106985535,130.37032247763827,6379593.875651901,-827.1687221211599,2875.3444516508634,0.025997757204155973,-0.007428886129894557,1457.581615335308,-17.91858585004996,273.5467346671575,-18.500482152336602
26.1000000000001,6379637.0,-955.9999999999959,3000.0,0.02712465983158398,-0.008585874839666765,1500.781751099974,0.0,40.0,0.0,6379639.15356847,245.96076351845164,3369.2359484248973,0.030463115699321294,0.0022089828796284607,1503.053990376182,4.246878607881427,86.91222979221054,130.35908827868602,6379593.01260827,-813.6532822104325,2874.5457734151946,0.025990539410998603,-0.007307503584118145,1456.7164713768288,-16.611972705156276,267.04778753818766,-13.482878862835637
26.150000000001288,6379637.0,-953.9999999999486,3000.0,0.02712465983286549,-0.008567912758679864,1500.7814517104998,0.0,40.0,0.0,6379639.365944159,250.30618678908465,3375.753621703531,0.030522044533969808,0.002248009214788308,1503.2700037276372,4.248148904918555,86.90470119354808,130.34784310892675,6379592.213555976,-800.4662300208314,2873.992460083162,0.02598553984844078,-0.00718907021749829,1455.9154999544844,-15.358364811346107,260.41526270235397,-8.683594361457464
26.200000000000102,6379637.0,-951.9999999999959,3000.0,0.02712465983414432,-0.008549950677692127,1500.7811529478058,0.0,40.0,0.0,6379639.578383365,254.65123365374018,3382.2707327598555,0.030580968280919496,0.0022870321668089265,1503.4860899448395,4.249419244279511,86.89717355705291,130.33659939225123,6379591.47593178,-787.6136532809033,2873.6739437969877,0.025982662977467427,-0.007073640712081889,1455.1761316861957,-14.154305278425873,253.6720763719235,-4.08886027212848
26.250000000001304,6379637.0,-949.9999999999479,3000.0,0.027124659835420457,-0.008531988596701854,1500.780854811892,0.0,40.0,0.0,6379639.790886076,258.9959039535555,3388.7872813560903,0.030639886938019053,0.0023260517342627053,1503.7022490110248,4.25068922075335,86.8896385962485,130.3253446998138,6379590.797341107,-775.1005999470526,2873.5803202847683,0.02598181925808572,-0.006961260411093142,1454.495966062881,-12.996511662423442,246.83704442083757,0.3140873637159377
26.300000000000104,6379637.0,-947.9999999999959,3000.0,0.027124659836693918,-0.008514026515710767,1500.780557302758,0.0,40.0,0.0,6379640.003452288,263.34019752932255,3395.3032672539366,0.030698800503112456,0.00236506791571893,1503.9184809215367,4.251959239647856,86.88210459911036,130.3140914626995,6379590.175548453,-762.9312628083712,2873.702297592621,0.025982924685840195,-0.006851966976916387,1453.8727618614212,-11.881906520625423,239.92566981730408,4.536977938745078
26.35000000000132,6379637.0,-945.9999999999472,3000.0,0.027124659837964693,-0.008496064434717137,1500.7802604204044,0.0,40.0,0.0,6379640.216081991,267.68411422213615,3401.81869021555,0.030757708974047837,0.0024040807097496096,1504.1347856624052,4.2532288952051385,86.87456327437181,130.302827244869,6379589.608466829,-751.1091289329366,2874.0311448312054,0.025985900328459308,-0.006745791733317714,1453.3044265890494,-10.807627038784883,232.95076732304653,8.590531668976872
26.400000000000105,6379637.0,-943.9999999999959,3000.0,0.02712465983923279,-0.008478102353722712,1500.7799641648307,0.0,40.0,0.0,6379640.428775177,272.027653872741,3408.333550002559,0.030816612348668553,0.0024430901149236073,1504.3511632252485,4.254498593279887,86.86702291479564,130.29156448459673,6379589.094147057,-739.6371012239106,2874.558643002559,0.025990671881309796,-0.006642760757181584,1452.7890057777986,-9.771022435591593,225.92295952552072,12.484514193145227
26.450000000001335,6379637.0,-941.9999999999466,3000.0,0.027124659840498194,-0.00846014027272574,1500.7796685369685,0.0,40.0,0.0,6379640.64153184,276.37081632218946,3414.8478463770552,0.030875510624822102,0.00248209612981255,1504.5676135988906,4.255767927566961,86.85947522432822,130.28029073865446,6379588.630767386,-728.5175977940868,2875.27703894061,0.025997169251000506,-0.00654289577103158,1452.3246725965291,-8.76964456368602,218.8510718217123,16.22780460374762
26.500000000000107,6379637.0,-939.9999999999957,3000.0,0.027124659841760917,-0.008442178191727987,1500.7793735358864,0.0,40.0,0.0,6379640.85435197,280.7136014111788,3421.361579100596,0.030934403800351222,0.002521098752984877,1504.7841367721558,4.2570373044682635,86.85192850051655,130.2690184525014,6379588.216623675,-717.7526336524547,2876.1790027848324,0.02600532617092757,-0.0064462148766920475,1451.909718023613,-7.801235047151102,211.74244822880516,19.828467643018758
26.55000000000135,6379637.0,-937.9999999999459,3000.0,0.027124659843020957,-0.008424216110727691,1500.7790791615844,0.0,40.0,0.0,6379641.067235561,285.0560089807189,3427.874747935207,0.03099329187310284,0.002560097983011836,1505.0007327357307,4.258306317131088,86.84437444252316,130.25773517572503,6379587.850120253,-707.3438882080737,2877.257589051813,0.02601507984934634,-0.00635273316157184,1451.5425417097285,-6.8637109816242035,204.6032051123641,23.293824800142165
26.600000000000108,6379637.0,-935.9999999999957,3000.0,0.027124659844278313,-0.00840625402972663,1500.7787854149938,0.0,40.0,0.0,6379641.280182604,289.3980388714596,3434.3873526423745,0.031052174840919024,0.002599093818461441,1505.2174014775082,4.25957537250487,86.83682135267604,130.2464533609646,6379587.529761515,-697.2927613583769,2878.5062011707564,0.026026370648758623,-0.006262463202421885,1451.2216435465962,-5.955150402126388,197.43843612210208,26.630521468812265
26.650000000001366,6379637.0,-933.9999999999454,3000.0,0.027124659845532986,-0.00838829194872302,1500.778492294252,0.0,40.0,0.0,6379641.493193089,293.7396909243684,3440.8993929840603,0.03111105270164614,0.0026380862579045597,1505.4341429863125,4.260844063189023,86.82926092535709,130.2351605506281,6379587.254144225,-687.6004203250753,2879.918559247808,0.02603914179448974,-0.006175415485994267,1450.9456159882247,-5.073778208709611,190.25237863369998,29.844588788153615
26.70000000000011,6379637.0,-931.9999999999957,3000.0,0.027124659846784974,-0.008370329867718662,1500.7781998012215,0.0,40.0,0.0,6379641.70626701,298.08096498004744,3447.4108687216785,0.03116992545312561,0.0026770752999087798,1505.6509572528303,4.262112796680825,86.82170146767211,130.22386920452996,6379587.021950516,-678.2678389624363,2881.4886707768487,0.02605333910990267,-0.006091598762093261,1450.7131370138377,-4.217952923058406,183.04854970196698,32.94149964350869
26.750000000001382,6379637.0,-929.9999999999447,3000.0,0.02712465984803428,-0.00835236778671175,1500.7779079349712,0.0,40.0,0.0,6379641.91940436,302.4218608794216,3453.9217796171265,0.031228793093203214,0.002716060943044587,1505.867844266817,4.263381165031501,86.81413466922557,130.21256685790354,6379586.831941507,-669.2958308925853,2883.210804003649,0.026068910775599464,-0.006011020341184691,1450.5229637604207,-3.386154452708969,175.82985774724887,35.926218800318125
26.80000000000011,6379637.0,-927.9999999999955,3000.0,0.027124659849280898,-0.008334405705704111,1500.7776166964322,0.0,40.0,0.0,6379642.132605127,306.76237846304565,3460.432125431746,0.03128765561971972,0.002755043185879145,1506.0848040133715,4.264649576286478,86.80656884189784,130.2012659777337,6379586.682951527,-660.6850775623742,2885.0794636540204,0.02608580710999392,-0.005933686346393882,1450.3739267298952,-2.576972923917179,168.598694848769,38.80324740549874
26.850000000001398,6379637.0,-925.9999999999441,3000.0,0.027124659850524837,-0.008316443624693916,1500.777326083742,0.0,40.0,0.0,6379642.345869307,311.1025175718017,3466.9419059273687,0.03134651303052031,0.002794022026982556,1506.3018364878371,4.2659176219484785,86.79899567051922,130.18995409208387,6379586.573882857,-652.4361520847975,2887.0893687545185,0.026103980368801582,-0.005859601927642878,1450.264924521558,-1.789098574644164,161.3570134637048,41.576662226253504
26.900000000000112,6379637.0,-923.9999999999955,3000.0,0.02712465985176609,-0.008298481543683008,1500.7770360987633,0.0,40.0,0.0,6379642.55919689,315.4422780461968,3473.4511208652657,0.03140536532344512,0.0028329974649215573,1506.5189416753128,4.267185710611397,86.79142347174147,130.17864367510455,6379586.503700956,-644.5495395724388,2889.2354322914593,0.02612338456114842,-0.005788771444281008,1450.1949190543965,-1.0213126624821072,154.1063906012808,44.25015004041696
26.950000000001413,6379637.0,-921.9999999999434,3000.0,0.027124659853004662,-0.008280519462669542,1500.7767467405647,0.0,40.0,0.0,6379642.772587869,319.7816597270703,3479.959770007204,0.03146421249633877,0.002871969498265867,1506.736119568348,4.268453433229141,86.7838439256238,130.16732224769413,6379586.471430116,-637.0256545209589,2891.5127424779103,0.026143975280216194,-0.005721198621220428,1450.162931217812,-0.272479322832224,146.84808185319304,46.82703759912856
27.000000000000114,6379637.0,-919.9999999999955,3000.0,0.027124659854240542,-0.008262557381655383,1500.7764580100775,0.0,40.0,0.0,6379642.986042234,324.1206624548817,3486.467853114382,0.0315230545470407,0.0029109381255817985,1506.9533701529726,4.26972119894438,86.77626535358621,130.15600229116393,6379586.476149505,-629.8648557064607,2893.916545415557,0.026165709546497596,-0.005656886682742529,1450.168036898598,0.45846169315682606,139.58306721960756,49.31031755330898
27.05000000000143,6379637.0,-917.9999999999427,3000.0,0.027124659855473746,-0.008244595300638657,1500.776169905439,0.0,40.0,0.0,6379643.199559979,328.45928607042765,3492.9753699485013,0.03158189147339497,0.0029499033454386866,1507.170693420805,4.270988598161897,86.76867943092007,130.14467131925193,6379586.516989552,-623.0674589600766,2896.442228960515,0.02618854566193531,-0.005595838467238514,1450.2093633739278,1.172501472208246,132.31209029384752,51.70267070173039
27.100000000000115,6379637.0,-915.9999999999955,3000.0,0.027124659856704265,-0.00822663321962126,1500.775882428512,0.0,40.0,0.0,6379643.413141095,332.79753041411976,3499.4823202706884,0.031640723273240384,0.0029888651564024134,1507.3880893588066,4.2722560405734455,86.76109448381037,130.13334182042556,6379586.593128632,-616.6337481247215,2899.0853076151984,0.026212443073336766,-0.005538056525622974,1450.2860859762877,1.8705676498102497,125.03569210243903,54.00648487026812
27.150000000001445,6379637.0,-913.9999999999422,3000.0,0.0271246598579321,-0.008208671138601293,1500.775595578365,0.0,40.0,0.0,6379643.626785573,337.1353953267117,3505.988703842581,0.03169954994442039,0.003027823557041934,1507.6055579567328,4.273523116034377,86.75350218278386,130.1220013012673,6379586.703790019,-610.5639844276851,2901.8414082867257,0.026237362243622404,-0.005483543205519168,1450.397425049916,2.5535294391043495,117.75424067430778,56.22387069199283
27.200000000000117,6379637.0,-911.9999999999955,3000.0,0.027124659859157248,-0.008190709057580669,1500.7753093559295,0.0,40.0,0.0,6379643.840493407,341.4728806485675,3512.494520425232,0.03175837148477314,0.0030667785459227007,1507.8230992052704,4.274790234785838,86.74591085878734,130.1106622573959,6379586.848239086,-604.858414464561,2904.7062567605544,0.02626326452953954,-0.0054323007229718666,1450.5426431382075,3.222202029028023,110.4679572683531,58.35667451302094
27.25000000000146,6379637.0,-909.9999999999416,3000.0,0.027124659860379718,-0.008172746976557472,1500.7750237593427,0.0,40.0,0.0,6379644.054264587,345.80998622039783,3518.9997697802137,0.0318171878921415,0.003105730121613284,1508.0407130941749,4.276056986133436,86.73831217758611,130.099312188243,6379587.02578069,-599.5172769356788,2907.6756647528687,0.02629011206460808,-0.005384331222955663,1450.7210423722863,3.877350397370958,103.17694006374926,60.40648861932037
27.300000000000118,6379637.0,-907.9999999999952,3000.0,0.0271246598615995,-0.008154784895533635,1500.7747387904674,0.0,40.0,0.0,6379644.268099106,350.14671188251884,3525.5044516685075,0.031875999164363,0.0031446782826787087,1508.2583996104077,4.277323780868023,86.73071447488553,130.08796359657381,6379587.235756757,-594.5408082483318,2910.745517409695,0.026317867646104505,-0.005339636829696275,1450.9319620383903,4.519692576225304,95.88118605248056,62.374658953088016
27.350000000001476,6379637.0,-905.9999999999409,3000.0,0.0271246598628166,-0.008136822814507224,1500.7744544483721,0.0,40.0,0.0,6379644.481996955,354.48305747559806,3532.0085658516205,0.03193480529927988,0.0031836230276871577,1508.4761587437242,4.278590207745147,86.72310941169273,130.07660397467404,6379587.477543997,-589.9292470527208,2913.9117611337897,0.026346494625008612,-0.00529821968741492,1451.1747762998566,5.149902404082344,88.58061181201195,64.26229048425594
27.40000000000012,6379637.0,-903.9999999999952,3000.0,0.027124659864031016,-0.008118860733480192,1500.774170733057,0.0,40.0,0.0,6379644.695958127,358.8190228399039,3538.5121120904614,0.03199360629472902,0.0032225643552032295,1508.69399048388,4.279856678105681,86.71550532846841,130.06524583245061,6379587.7505517565,-585.6828377556019,2917.1703916238353,0.026375956797869325,-0.0052600819918908566,1451.4488920355216,5.768611795911238,81.27507381829363,66.07025041478096
27.45000000000149,6379637.0,-901.9999999999404,3000.0,0.027124659865242748,-0.008100898652450582,1500.773887644522,0.0,40.0,0.0,6379644.909982613,363.15460781606095,3545.0150901464717,0.03205240214855209,0.0032615022637947225,1508.9118948196992,4.281122780154803,86.7078938814647,130.05387665504804,6379588.054219968,-581.8018330146123,2920.517442025624,0.026406218299682503,-0.005225226012868858,1451.7537467861548,6.376412567272351,73.964388923782,67.79916944290014
27.50000000000012,6379637.0,-899.9999999999952,3000.0,0.027124659866451795,-0.008082936571420367,1500.7736051836982,0.0,40.0,0.0,6379645.124070404,367.48981224428945,3551.517499780487,0.0321111928585853,0.0033004367520258044,1509.1298717418686,4.282388925783714,86.70028341589449,130.04250895951017,6379588.388017183,-578.2864951937462,2923.9489711027577,0.026437243496944735,-0.005193654107136274,1452.0888067781925,6.973857857179467,66.64835560440106,69.44944139560833
27.550000000001507,6379637.0,-897.9999999999397,3000.0,0.027124659867658156,-0.00806497449038757,1500.7733233496547,0.0,40.0,0.0,6379645.338221494,371.82463596517096,3558.0193407538845,0.03216997842266974,0.0033393678184638854,1509.3479212364182,4.2836547026469125,86.69266558325806,130.03113022384517,6379588.751438669,-575.137096724373,2927.461051358465,0.026468996880264953,-0.0051653687217702955,1452.4535650275648,7.561463214319433,59.32677649769956,71.02122166867655
27.600000000000122,6379637.0,-895.9999999999952,3000.0,0.02712465986886184,-0.008047012409354183,1500.7730421423912,0.0,40.0,0.0,6379645.552435875,376.1590788188776,3564.520612827427,0.03222875883864095,0.0033782954616727034,1509.5660432977602,4.284920523186239,86.68504873351728,130.0197529722289,6379589.144004547,-572.3539192999503,2931.049757060306,0.02650144295609769,-0.005140372386910224,1452.847539452836,8.139707438705353,51.99948262934525,72.51442507775171
27.650000000001523,6379637.0,-893.9999999999391,3000.0,0.027124659870062837,-0.008029050328318216,1500.7727615609765,0.0,40.0,0.0,6379645.766713538,380.4931406459477,3571.0213157624257,0.03228753410433944,0.0034172196802192837,1509.784237910062,4.2861859745052024,86.67742451342384,130.00836467553796,6379589.565257977,-569.9372518121274,2934.711152160382,0.026534546137531402,-0.005118667697225721,1453.2702710675076,8.709033308839675,44.66635946837846,73.92872391243104
27.700000000000124,6379637.0,-891.999999999995,3000.0,0.027124659871261145,-0.008011088247281674,1500.7724816082045,0.0,40.0,0.0,6379645.981054474,384.8268212865054,3577.521449319571,0.032346304217600125,0.0034561404726669337,1510.002505064942,4.287451469596591,86.66980127768537,129.99697786507556,6379590.01476337,-567.8873869433319,2938.441278141189,0.026568270634404326,-0.005100257281318581,1453.7213221872225,9.269848363864122,37.3273745871421,75.26354713741966
27.75000000000154,6379637.0,-889.9999999999386,3000.0,0.02712465987245678,-0.00799312616624255,1500.7722022822127,0.0,40.0,0.0,6379646.195458675,389.1601205810456,3584.0210132601082,0.03240506917626288,0.0034950578375822893,1510.2208447521552,4.288716595012614,86.66217066830815,129.9855800045915,6379590.492104658,-566.2046163493939,2942.236141872668,0.026602580343521445,-0.005085143758461223,1454.2002746770158,9.822525943101319,29.982606182521394,76.51808173463309
27.800000000000125,6379637.0,-887.999999999995,3000.0,0.027124659873649724,-0.007975164085202867,1500.771923583001,0.0,40.0,0.0,6379646.409926133,393.49303836964447,3590.5200073446545,0.03246382897816196,0.0035339717735282284,1510.4392569586635,4.289981764297317,86.65454104474233,129.97418363251148,6379590.996883613,-564.8892244214452,2946.0917036063174,0.026637438740110417,-0.005073329682575306,1454.7067282879725,10.367406691942044,22.632271159258163,77.69127702312827
27.850000000001554,6379637.0,-885.9999999999379,3000.0,0.02712465987483998,-0.007957202004160597,1500.7716455115005,0.0,40.0,0.0,6379646.6244568415,397.82557449275373,3597.0184313343902,0.032522583621136684,0.003572882279071,1510.6577416732907,4.291246563451299,86.64690404425203,129.9627762054633,6379591.528718267,-563.9414806905583,2950.0038652713192,0.026672808772008002,-0.005064817474020443,1455.2402990479022,10.904800709709184,15.276750974216817,78.78185237120904
27.900000000000126,6379637.0,-883.999999999995,3000.0,0.027124659876027562,-0.00793923992311779,1500.771368065849,0.0,40.0,0.0,6379646.83905079,402.1577287904011,3603.5162849898593,0.03258133310302063,0.0036117893527730484,1510.8762988885865,4.292511406570173,86.6392680310267,129.9513702689904,6379592.087241448,-563.3616310385471,2953.9684592353333,0.02670865275804728,-0.005059609340660721,1455.8006178066134,11.434990429748243,7.916613241686768,79.78830802855133
27.95000000000157,6379637.0,-881.9999999999372,3000.0,0.027124659877212454,-0.00792127784207239,1500.7710912479088,0.0,40.0,0.0,6379647.053707972,406.4895011029949,3610.0135680721764,0.03264007742165253,0.003650692993200235,1511.0949285915121,4.293775879102622,86.63162463759153,129.93995327260336,6379592.672099495,-563.1498879721545,2957.9812376657924,0.026744932291873753,-0.005057707190519196,1456.3873289348558,11.958234198883579,0.5526273226058311,80.70893799850818
28.000000000000128,6379637.0,-879.9999999999948,3000.0,0.02712465987839466,-0.007903315761026469,1500.7708150567487,0.0,40.0,0.0,6379647.268428379,410.8208912705146,3616.5102803418126,0.03269881657486529,0.0036895931989145703,1511.313630770892,4.295040395696135,86.62398223287208,129.92853776895848,6379593.28295114,-563.306420292176,2962.0378625479066,0.026781608151698527,-0.005059112538998062,1457.0000892095268,12.474770390174037,-6.814227141465098,81.541843167016
28.050000000001585,6379637.0,-877.9999999999366,3000.0,0.02712465987957419,-0.007885353679977952,1500.7705394923687,0.0,40.0,0.0,6379647.483212002,415.1518991333252,3623.006421559816,0.032757550560497055,0.003728489968481529,1511.5324054155499,4.29630454124716,86.61633244465779,129.91711120045403,6379593.91946663,-563.8313425143322,2966.1338963229214,0.02681864021565863,-0.005063826413869036,1457.6385669196025,12.984821784508995,-14.182758743371757,82.28494254932875
28.10000000000013,6379637.0,-875.9999999999948,3000.0,0.02712465988075103,-0.007867391598928934,1500.7702645547688,0.0,40.0,0.0,6379647.698058833,419.48252453135774,3629.5019914865843,0.03281627937638007,0.0037673833004626877,1511.7512525171041,4.297568730955378,86.60868364660708,129.90568612685433,6379594.581327049,-564.724704370936,2970.2647929964705,0.026855987381427034,-0.0050718492609892075,1458.3024411918595,13.488599920593195,-21.551568763917068,82.93598061480911
28.1500000000016,6379637.0,-873.9999999999359,3000.0,0.02712465988192519,-0.007849429517877317,1500.7699902448803,0.0,40.0,0.0,6379647.912968866,423.81276730493363,3635.996989883101,0.0328750030203519,0.00380627319342313,1511.9701720625162,4.298832549164698,86.60102746177687,129.89424998345015,6379595.268223867,-565.986480645174,2974.425889483312,0.02689360748795901,-0.0050831808530039544,1458.9914015261456,13.98630914873793,-28.919059653626107,83.49252913834395
28.20000000000013,6379637.0,-871.9999999999948,3000.0,0.027124659883096668,-0.007831467436825215,1500.7697165608406,0.0,40.0,0.0,6379648.127942089,428.1426272939356,3642.49141650969,0.032933721490244136,0.0038451596459240017,1512.1891640406102,4.300096411627294,86.59337226855521,129.88281533710898,6379595.979858663,-567.6165614822371,2978.6123968858924,0.02693145723663957,-0.005097820202332366,1459.7051475225016,14.478150205854567,-36.283445253855,83.95198268804158
28.250000000001616,6379637.0,-869.9999999999352,3000.0,0.027124659884265455,-0.00781350535577051,1500.7694435054436,0.0,40.0,0.0,6379648.342978497,432.47210433864154,3648.985271127269,0.03299243478389371,0.003884042656529996,1512.4082284420729,4.3013599021342275,86.58570968526978,129.87136961601885,6379596.715943028,-569.614743208856,2982.819391383192,0.026969492108906534,-0.00511576547871858,1460.4433887628838,14.96432322767969,-43.64276054738834,84.31154746732881
28.300000000000132,6379637.0,-867.9999999999948,3000.0,0.027124659885431564,-0.0077955432747153375,1500.7691710758954,0.0,40.0,0.0,6379648.55807808,436.8011982788857,3655.478553496088,0.03305114289913157,0.003922922223801822,1512.6273652566597,4.30262343699048,86.57804809503506,129.8599253941458,6379597.476198602,-571.9807195877228,2987.041804395425,0.02700766627732563,-0.005137013930688795,1461.2058448623866,15.445030196387325,-50.994869056675824,84.56822362794792
28.350000000001632,6379637.0,-865.9999999999347,3000.0,0.02712465988659499,-0.00777758119365756,1500.7688992740586,0.0,40.0,0.0,6379648.773240831,441.1299089549022,3661.9712633769973,0.033109845833794074,0.003961798346303785,1512.8465744704008,4.303886599433949,86.5703791114526,129.84847009257987,6379598.260357202,-574.714073352995,2991.2744117086227,0.02704593250726103,-0.005161561809532651,1461.9922455744818,15.920476876448165,-58.33746645119579,84.71878132126042
28.400000000000134,6379637.0,-863.9999999999948,3000.0,0.02712465988775573,-0.007759619112599332,1500.7686280980706,0.0,40.0,0.0,6379648.9884667415,445.4582362064767,3668.463400530175,0.033168543585711474,0.004000671022596158,1513.0658560758457,4.305149806322733,86.5627111223601,129.8370162923807,6379599.0681610685,-577.814267807055,2995.5118212477564,0.027084242046326066,-0.005189404293834694,1462.8023310303688,16.39087431309822,-65.66807928071206,84.75973069379681
28.450000000001648,6379637.0,-861.9999999999341,3000.0,0.027124659888913782,-0.007741657031538495,1500.768357549794,0.0,40.0,0.0,6379649.203755803,449.78617987379994,3674.9549647164054,0.03322723615271954,0.004039540251242856,1513.2852100590244,4.3064126403412635,86.55503573663628,129.82555140754516,6379599.899363147,-581.2806382154196,2999.748459200804,0.027122544498923817,-0.005220535412192994,1463.6358520248905,16.856439966864986,-72.9840579934891,84.68728583297217
28.500000000000135,6379637.0,-859.9999999999945,3000.0,0.027124659890069156,-0.0077236949504772235,1500.7680876282975,0.0,40.0,0.0,6379649.419108009,454.1137397966089,3681.4459556957922,0.033285923532647865,0.004078406030803716,1513.5046364134178,4.307675518901062,86.54736134683883,129.81408802622175,6379600.753727435,-585.1123826916562,3003.9785541816673,0.02716078768305561,-0.005254947961357449,1464.492570339702,17.31739853884807,-80.28256344656614,84.49732239279227
28.550000000001663,6379637.0,-857.9999999999334,3000.0,0.02712465989122184,-0.007705732869413342,1500.7678183345124,0.0,40.0,0.0,6379649.634523347,458.44091581505035,3687.9363732290544,0.03334460572333165,0.004117268359842263,1513.7241351231933,4.30893802413278,86.53967955712683,129.8026135553191,6379601.631029357,-589.3085522286253,3008.1961191068567,0.02719891746645834,-0.005292633416701162,1465.3722591158003,17.773982514807617,-87.56054602962867,84.18532832153215
28.600000000000136,6379637.0,-855.9999999999945,3000.0,0.02712465989237185,-0.007687770788349043,1500.767549666576,0.0,40.0,0.0,6379649.850001812,462.7677077688128,3694.4262170762217,0.033403282722599806,0.004156127236917898,1513.9437061790377,4.31020057400167,86.5319987647747,129.79114059006963,6379602.531056164,-593.8680394760839,3012.394930415803,0.027236877578724072,-0.005333581831432808,1466.2747032353655,18.22643242139575,-94.81471625943098,83.7463467929518
28.65000000000168,6379637.0,-853.9999999999329,3000.0,0.02712465989351917,-0.007669808707282132,1500.7672816263512,0.0,40.0,0.0,6379650.065543395,467.0941154979991,3700.9154869979457,0.0334619545282869,0.00419498266059375,1514.1633495688438,4.311462750084302,86.52431056922515,129.7796565302985,6379603.453607332,-598.7895658056211,3016.568504219733,0.027274609395649043,-0.005377781720427414,1467.1996997101232,18.674996750008315,-102.04150531733004,83.17491011320072
28.700000000000138,6379637.0,-851.9999999999945,3000.0,0.027124659894663807,-0.007651846626214819,1500.7670142129064,0.0,40.0,0.0,6379650.281148087,471.4201388422491,3707.4041827541823,0.03352062113822121,0.004233834629428788,1514.3830652842298,4.31272497089997,86.51662337246609,129.76817397831724,6379604.398494954,-604.0716661060343,3020.7100688859387,0.027312051691353423,-0.005425219923674112,1468.1470580557361,19.119931455285656,-109.23701342823286,82.46496303314944
28.750000000001695,6379637.0,-849.9999999999322,3000.0,0.02712465989580576,-0.007633884545144891,1500.766747427173,0.0,40.0,0.0,6379650.496815882,475.74577764162177,3713.8923041055177,0.033579282550236705,0.004272683141985747,1514.602853312157,4.313986817470843,86.5089287692271,129.75668032687247,6379605.365544082,-609.7126706380893,3024.8125334849788,0.027349140352995654,-0.00547588144331409,1469.1166006084532,19.56149887709081,-116.3969432372489,81.60977353158101
28.80000000000014,6379637.0,-847.9999999999945,3000.0,0.027124659896945028,-0.007615922464074579,1500.7664812672883,0.0,40.0,0.0,6379650.7125467695,480.0710317357082,3720.3798508118343,0.033637938762160986,0.004311528196823159,1514.8227136442438,4.315248708870568,86.50123516620633,129.74518818534992,6379606.35459301,-615.7106831016044,3028.8684514138004,0.027385808051870245,-0.005529749246661272,1470.1081628017128,19.99996585394298,-123.5165143141515,80.60182874831635
28.85000000000171,6379637.0,-845.9999999999316,3000.0,0.027124659898081615,-0.007597960383001647,1500.766215735115,0.0,40.0,0.0,6379650.928340743,484.3959009645233,3726.866822633651,0.03369658977182743,0.004350369792503363,1515.042646269314,4.31651022556661,86.49353415342345,129.7336849394225,6379607.365493424,-622.0635538523993,3032.869978389872,0.027421983863611436,-0.00558680402566383,1471.1215932713822,20.435600686805202,-130.59035357093933,79.43271334154576
28.90000000000014,6379637.0,-843.9999999999943,3000.0,0.027124659899215517,-0.0075799983019283505,1500.7659508306533,0.0,40.0,0.0,6379651.144197794,488.72038516760944,3733.353219330775,0.033755235577062975,0.004389207927584456,1515.262651173398,4.317771787187274,86.4858341422837,129.72218320554532,6379608.39811037,-628.7688468909805,3036.8088238570353,0.02745759282882963,-0.005647023900429528,1472.1567538091913,20.86866845445372,-137.6123545252529,78.09296715373169
28.950000000001726,6379637.0,-841.9999999999311,3000.0,0.027124659900346734,-0.00756203622085243,1500.7656865520403,0.0,40.0,0.0,6379651.360117912,493.0444841849375,3739.83904066366,0.03381387617570038,0.004428042600628385,1515.4827283481136,4.319032973645008,86.4781267181,129.71067036232233,6379609.4523219215,-635.8237988439645,3040.676194687749,0.027492555444096907,-0.005710384050837777,1473.2135189874098,21.29942395530003,-144.57549585221403,76.57191875566542
29.000000000000142,6379637.0,-839.9999999999943,3000.0,0.02712465990147527,-0.007544074139776161,1500.7654229011387,0.0,40.0,0.0,6379651.576101093,497.36819785600085,3746.3242863920395,0.03387251156556593,0.004466873810192805,1515.7028777832165,4.320294205123087,86.47042029698139,129.6991590332733,6379610.528018423,-643.2252675871806,3044.4627298831465,0.027526787071541,-0.005776856255123625,1474.2917753662914,21.72810121731456,-151.47160622216975,74.85749134169782
29.05000000000174,6379637.0,-837.9999999999304,3000.0,0.027124659902601118,-0.007526112058697267,1500.7651598770171,0.0,40.0,0.0,6379651.792147324,501.6915260207264,3752.808956276299,0.033931141744491786,0.004505701554839271,1515.9230994638056,4.321555060978638,86.46270645953739,129.68763658993808,6379611.625101093,-650.9696674109414,3048.1584248106437,0.02756019725384579,-0.005846408307597072,1475.3914200467989,22.15489802782532,-158.29105772336808,72.93597782269669
29.100000000000144,6379637.0,-835.9999999999943,3000.0,0.027124659903724285,-0.0075081499776180425,1500.7648974796757,0.0,40.0,0.0,6379652.008256599,506.01446851855854,3759.293050076099,0.033989766710303564,0.004544525833124999,1516.143393379636,4.3228159619502105,86.45499362657753,129.67611566289622,6379612.74347967,-659.052886575105,3051.75254338151,0.02759268892021508,-0.005919003278205462,1476.5123582622036,22.579953207367936,-165.02236368934945,70.79178330193615
29.150000000001757,6379637.0,-833.9999999999297,3000.0,0.027124659904844764,-0.007490187896536187,1500.7646357091144,0.0,40.0,0.0,6379652.224428909,510.3370251893799,3765.776567551757,0.0340483864608328,0.004583346643611149,1516.3637595223263,4.324076486839298,86.44727337401116,129.66458361662828,6379613.883068689,-667.4701816981311,3055.233516557395,0.027624157468735783,-0.005994598564042643,1477.6544995857403,23.003313271643954,-171.65164796090198,68.40713629601747
29.200000000000145,6379637.0,-831.9999999999941,3000.0,0.027124659905962568,-0.0074722258154540176,1500.7643745653331,0.0,40.0,0.0,6379652.440664246,514.6591958725859,3772.259508462861,0.03410700099390447,0.004622163984854498,1516.584197879769,4.325337056940035,86.43955412734515,129.65305308876867,6379615.043781713,-676.216041478498,3058.5888257825286,0.02765448971245557,-0.006073144665433291,1478.8177520958707,23.424883524408425,-178.161940813527,65.7617766818868
29.250000000001773,6379637.0,-829.9999999999291,3000.0,0.027124659907077683,-0.0074542637343692165,1500.7641140492633,0.0,40.0,0.0,6379652.656962603,518.9809804080152,3778.74187256966,0.034165610307349485,0.004660977855415807,1516.8047084417194,4.326597250497975,86.43182745779188,129.64151143674354,6379616.22552259,-685.2840096582047,3061.8048706335544,0.02768356268277781,-0.006154583595972462,1480.002013521269,23.844356272237725,-184.53224156142778,62.83264121337264
29.300000000000146,6379637.0,-827.9999999999941,3000.0,0.027124659908190112,-0.00743630165328412,1500.7638541599736,0.0,40.0,0.0,6379652.873323971,523.302378635014,3785.2236596316675,0.034224214398992155,0.004699788253851417,1517.025291197002,4.327857489363146,86.42410179555228,129.62997130523743,6379617.428172329,-694.6664536723407,3064.86682155608,0.027711242298037952,-0.006238846804775146,1481.2071580346674,24.261105463488466,-190.7362694922312,59.593591457736096
29.35000000000179,6379637.0,-825.9999999999284,3000.0,0.02712465990929986,-0.007418339572196386,1500.763594897464,0.0,40.0,0.0,6379653.0897483425,527.6233903933762,3791.7048694090663,0.0342828132666628,0.00473859517872169,1517.2459461344406,4.329117351224853,86.41636870714494,129.61842004462696,6379618.651569562,-704.3542610515932,3067.758461790611,0.027737381934365403,-0.006325852449880429,1482.4330165684223,24.67403237000914,-196.7408060578491,56.01527232925797
29.400000000000148,6379637.0,-823.9999999999941,3000.0,0.027124659910406926,-0.007400377491108375,1500.7633362617344,0.0,40.0,0.0,6379653.306235707,531.9440155223994,3798.1855016612953,0.03434140690818503,0.004777398628582529,1517.4666732437909,4.330377258489323,86.40863662746166,129.6068703066418,6379619.895481621,-714.3364404459379,3070.4620287208636,0.02776182099136636,-0.006415501815067278,1483.6793477842584,25.08134096768229,-202.50352071433147,52.065265003524694
29.450000000001804,6379637.0,-821.9999999999279,3000.0,0.027124659911511303,-0.0073824154100177244,1500.7630782537162,0.0,40.0,0.0,6379653.5227860585,536.2642538618331,3804.6655561484704,0.0343999953213886,0.0048161986019939,1517.6874725120142,4.331636788289304,86.40089711833059,129.5953094346139,6379621.1595620625,-724.5995990760383,3072.95807597991,0.0277843836455525,-0.006507674616881278,1484.945795419626,25.480215464356824,-207.97019245746998,47.708823934968116
29.50000000000015,6379637.0,-819.9999999999941,3000.0,0.027124659912612998,-0.007364453328926812,1500.7628208724782,0.0,40.0,0.0,6379653.739399387,540.5841052509255,3811.145032629955,0.03445857850409643,0.004854995097511261,1517.908343928866,4.33289636358753,86.39315861933106,129.5837500873133,6379622.443288991,-735.1272660046146,3075.225396695102,0.027804878156647252,-0.006602222926991581,1486.231826506555,25.86636970137447,-213.07133787877007,42.91068222271606
29.55000000000182,6379637.0,-817.9999999999272,3000.0,0.02712465991371201,-0.0073464912478332575,1500.7625641180202,0.0,40.0,0.0,6379653.956075685,544.903569529382,3817.623930865799,0.03451715645413766,0.004893788113694184,1518.129287484102,4.334155560959886,86.38541268760402,129.57217960103193,6379623.745877165,-745.8990370626816,3077.2410787747554,0.02782309736787406,-0.006698963492861823,1487.5366433542222,26.233448831936897,-217.7185305630476,37.63866897071994
29.60000000000015,6379637.0,-815.9999999999941,3000.0,0.02712465991480834,-0.007328529166739459,1500.7623079903424,0.0,40.0,0.0,6379654.172814944,549.2226465364014,3824.102250615291,0.034575729169334546,0.004932577649097688,1518.350303166546,4.335414803925922,86.37766776741313,129.56061064157547,6379625.066156883,-756.8895448880218,3078.980806687146,0.027838821435068228,-0.006797668487799036,1488.8590624285862,26.572309035293795,-221.8012996797453,31.870117796277082
29.650000000001835,6379637.0,-813.9999999999266,3000.0,0.02712465991590199,-0.007310567085643014,1500.7620524894446,0.0,40.0,0.0,6379654.389617155,553.5413361116443,3830.5799916384112,0.03463429664751561,0.004971363702280941,1518.5713909640908,4.336673668504351,86.36991541121535,129.5490305382008,6379626.402416403,-768.0673269422188,3080.4195731736313,0.027851824262392477,-0.006898055344807201,1490.1973569560796,26.87031581876253,-225.18657591066435,25.601952844465313
29.700000000000152,6379637.0,-811.9999999999939,3000.0,0.02712465991699295,-0.0072926050045463405,1500.7617976162583,0.0,40.0,0.0,6379654.606482312,557.8596380942604,3837.0571536943758,0.034692858886502455,0.005010146271798521,1518.7925508674234,4.337932578771843,86.36216406795538,129.5374519637443,6379627.752216619,-779.3937978239729,3081.5329873086375,0.02786188533007413,-0.006999777527192297,1491.549072029069,27.11101348948617,-227.72405949097313,18.864256394684585
29.75000000000185,6379637.0,-809.9999999999259,3000.0,0.027124659918081225,-0.0072746429234470215,1500.761543369852,0.0,40.0,0.0,6379654.823410404,562.1775523238659,3843.533736543098,0.03475141588412298,0.005048925356209201,1519.0137828635052,4.339191110189631,86.35440528540948,129.52586224043273,6379629.11221078,-790.8227239380972,3082.299291830314,0.027868807935016494,-0.00710241981087597,1492.9108452033252,27.27476835594201,-229.26151807720464,11.734252661361877
29.800000000000153,6379637.0,-807.9999999999939,3000.0,0.027124659919166818,-0.007256680842347492,1500.7612897502258,0.0,40.0,0.0,6379655.040401423,566.495078639561,3850.009739943717,0.03480996763819811,0.005087700954067117,1519.2350869420916,4.3404496873918195,86.34664751720017,129.5142740481281,6379630.478034317,-802.3007526579588,3082.701944332643,0.027872442529258985,-0.0072055030371125685,1494.2782975807786,27.34100051346111,-229.67142483898172,4.343402369416282
29.850000000001867,6379637.0,-805.9999999999252,3000.0,0.027124659920249726,-0.007238718761245311,1500.761036758311,0.0,40.0,0.0,6379655.257455363,570.8122168809174,3856.4851636560793,0.03486851414655514,0.005126473063930638,1519.4564630938694,4.341707885281847,86.33888230642623,129.50267470203198,6379631.844347503,-813.7694463510041,3082.732184238423,0.02787270992916137,-0.007308502380281022,1495.6460779132321,27.291965506748223,-228.88272960975294,-3.1315114909849804
29.900000000000155,6379637.0,-803.9999999999939,3000.0,0.027124659921329956,-0.0072207566801429385,1500.7607843922451,0.0,40.0,0.0,6379655.474572213,575.1289668869855,3862.96000743925,0.03492705540701433,0.005165241684353458,1519.6779113058,4.342966129051559,86.33111811138474,129.49107688902728,6379633.205080972,-825.1687336588145,3082.3906703979696,0.02786961612066406,-0.007410878343835499,1497.0081093301997,27.11677933372305,-226.90308956389362,-10.496104065716493
29.950000000001882,6379637.0,-801.9999999999247,3000.0,0.027124659922407496,-0.007202794599037909,1500.7605326538906,0.0,40.0,0.0,6379655.691751966,579.4453284972927,3869.4342710530086,0.03498559141740237,0.005204006813893551,1519.8994315667078,4.344223993046301,86.32334647050024,129.47946791729512,6379634.5538451765,-836.4409282502362,3081.687454198116,0.027863252014225355,-0.007512112852490668,1498.3579992987216,26.813648513146696,-223.8180235158337,-17.5746342418848
30.0,6379637.0,-800.0,3000.0,0.027124659923482355,-0.007184832517932761,1500.760281542316,0.0,40.0,0.0,6379655.908994614,583.761301550826,3875.9079542563236,0.03504412217553864,0.00524276845110404,1520.121023866348,4.345481903015954,86.31557584674121,129.46786048073454,6379635.884379923,-847.5341023898272,3080.640297283464,0.02785377823230654,-0.007611739549832425,1499.6894888067618,26.38922246274174,-219.76738291388529,-24.237392106049636
